,Status,stoichiometric optimization,Not handled,Biomass reactions,atom bag unbalanced rxns,Not balanced,T-S optimization,Organism,T-S optimization bin,Not handled bin,Not balanced bin
iEC1364_W.sbml,Thermo-model loaded and executed,250.03703365788803,0.0,0.0,278.0,0.0,2.7400683533440207,Escherichia coli,Growth prediction > 0,All reactions handled,All reactions balanced
iECS88_1305.sbml,Thermo-model loaded and executed,196.35902137294784,0.0,0.0,244.0,0.0,9.44587713359633,Homo sapiens,Growth prediction > 0,All reactions handled,All reactions balanced
iECSE_1348.sbml,Thermo-model loaded and executed,196.35902137294835,0.0,0.0,236.0,0.0,8.50714448591959,Escherichia coli,Growth prediction > 0,All reactions handled,All reactions balanced
iS_1188.sbml,Thermo-model loaded and executed,438.9815627733496,0.0,0.0,227.0,0.0,13.175709042844794,Escherichia coli,Growth prediction > 0,All reactions handled,All reactions balanced
iEcolC_1368.sbml,Thermo-model loaded and executed,196.3590213729493,0.0,0.0,243.0,0.0,7.588200879215787,Methanosarcina barkeri,Growth prediction > 0,All reactions handled,All reactions balanced
iJN678.sbml,Thermo-model loaded and executed,339.5892276337883,0.0,0.0,96.0,0.0,9.786330371539979,Geobacter metallireducens,Growth prediction > 0,All reactions handled,All reactions balanced
iAF1260.sbml,Thermo-model loaded and executed,164.09356066567142,0.0,0.0,170.0,0.0,8.680755555736352,Plasmodium berghei,Growth prediction > 0,All reactions handled,All reactions balanced
iEC55989_1330.sbml,Thermo-model loaded and executed,196.3590213729493,0.0,0.0,236.0,0.0,10.74582280754086,Plasmodium cynomolgi,Growth prediction > 0,All reactions handled,All reactions balanced
iEC1372_W3110.sbml,Thermo-model loaded and executed,188.2456649570553,0.0,0.0,269.0,0.0,8.19989182268982,Plasmodium falciparum,Growth prediction > 0,All reactions handled,All reactions balanced
iSbBS512_1146.sbml,Thermo-model loaded and executed,92.68576876224762,0.0,0.0,222.0,0.0,29.582545101127216,Plasmodium knowlesi,Growth prediction > 0,All reactions handled,All reactions balanced
iSFV_1184.sbml,Thermo-model loaded and executed,92.60505997751872,0.0,0.0,227.0,0.0,18.17601141858238,Plasmodium vivax,Growth prediction > 0,All reactions handled,All reactions balanced
iEcHS_1320.sbml,Thermo-model loaded and executed,196.3590213729489,0.0,0.0,237.0,0.0,3.1392134721609377,Escherichia coli,Growth prediction > 0,All reactions handled,All reactions balanced
iEC1368_DH5a.sbml,Thermo-model loaded and executed,187.0227678925243,0.0,0.0,270.0,0.0,6.726657415705225,Homo sapiens,Growth prediction > 0,All reactions handled,All reactions balanced
iEC1349_Crooks.sbml,Thermo-model loaded and executed,187.0227678925251,0.0,0.0,269.0,0.0,11.542643672926523,Escherichia coli,Growth prediction > 0,All reactions handled,All reactions balanced
iECUMN_1333.sbml,Thermo-model loaded and executed,196.42442717604536,0.0,0.0,233.0,0.0,7.623518407068621,Escherichia coli,Growth prediction > 0,All reactions handled,All reactions balanced
iECBD_1354.sbml,Thermo-model loaded and executed,196.3590213729489,0.0,0.0,237.0,0.0,1.4949683109118022,Escherichia coli,Growth prediction > 0,All reactions handled,All reactions balanced
iBWG_1329.sbml,Thermo-model loaded and executed,196.52717054081268,0.0,0.0,233.0,0.0,2.4556921575788615,Cricetulus griseus,Growth prediction > 0,All reactions handled,All reactions balanced
iJO1366.sbml,Thermo-model loaded and executed,164.66035787754385,0.0,0.0,221.0,0.0,7.238365580605673,Acinetobacter baumannii,Growth prediction > 0,All reactions handled,All reactions balanced
iG2583_1286.sbml,Thermo-model loaded and executed,152.79544567119453,0.0,0.0,228.0,0.0,2.7167254840195403,Clostridioides difficile,Growth prediction > 0,All reactions handled,All reactions balanced
iECIAI39_1322.sbml,Thermo-model loaded and executed,196.88287065411868,0.0,0.0,240.0,0.0,8.507144445551539,Escherichia coli,Growth prediction > 0,All reactions handled,All reactions balanced
iECs_1301.sbml,Thermo-model loaded and executed,196.3590213729481,0.0,0.0,240.0,0.0,10.590477784989705,Escherichia coli,Growth prediction > 0,All reactions handled,All reactions balanced
iEcDH1_1363.sbml,Thermo-model loaded and executed,163.84355230339006,0.0,0.0,233.0,0.0,2.396423805902452,Escherichia coli,Growth prediction > 0,All reactions handled,All reactions balanced
iECDH10B_1368.sbml,Thermo-model loaded and executed,2.284262799866599,0.0,0.0,234.0,0.0,2.2858338112071794,Escherichia coli,Growth prediction > 0,All reactions handled,All reactions balanced
iZ_1308.sbml,Thermo-model loaded and executed,196.35902137294792,0.0,0.0,240.0,0.0,7.22990300821434,Escherichia coli,Growth prediction > 0,All reactions handled,All reactions balanced
iECABU_c1320.sbml,Thermo-model loaded and executed,196.35902137294872,0.0,0.0,245.0,0.0,48.00290879789528,Escherichia coli,Growth prediction > 0,All reactions handled,All reactions balanced
iAF1260b.sbml,Thermo-model loaded and executed,164.0935606656729,0.0,0.0,170.0,0.0,1.3454915266296956,Escherichia coli,Growth prediction > 0,All reactions handled,All reactions balanced
iECOK1_1307.sbml,Thermo-model loaded and executed,196.3590213729484,0.0,0.0,244.0,0.0,0.6423821784042896,Escherichia coli,Growth prediction > 0,All reactions handled,All reactions balanced
iUMN146_1321.sbml,Thermo-model loaded and executed,196.35902137294823,0.0,0.0,244.0,0.0,15.528350957821251,Escherichia coli,Growth prediction > 0,All reactions handled,All reactions balanced
iECP_1309.sbml,Thermo-model loaded and executed,196.35902137294767,0.0,0.0,244.0,0.0,5.381365935670758,Escherichia coli,Growth prediction > 0,All reactions handled,All reactions balanced
iEcE24377_1341.sbml,Thermo-model loaded and executed,196.35902137294883,0.0,0.0,244.0,0.0,10.9377000005283,Escherichia coli,Growth prediction > 0,All reactions handled,All reactions balanced
iECED1_1282.sbml,Thermo-model loaded and executed,196.3590213729489,0.0,0.0,236.0,0.0,7.611809208016963,Escherichia coli,Growth prediction > 0,All reactions handled,All reactions balanced
iSSON_1240.sbml,Thermo-model loaded and executed,92.64523739091392,0.0,0.0,240.0,0.0,9.453149993666969,Escherichia coli,Growth prediction > 0,All reactions handled,All reactions balanced
iEcSMS35_1347.sbml,Thermo-model loaded and executed,196.3590213729492,0.0,0.0,240.0,0.0,5.433108568595597,Escherichia coli,Growth prediction > 0,All reactions handled,All reactions balanced
iECO26_1355.sbml,Thermo-model loaded and executed,196.3590213729481,0.0,0.0,245.0,0.0,12.678807046316823,Escherichia coli,Growth prediction > 0,All reactions handled,All reactions balanced
iPC815.sbml,Thermo-model loaded and executed,10.714285714285714,0.0,0.0,142.0,0.0,7.871321085531699,Escherichia coli,Growth prediction > 0,All reactions handled,All reactions balanced
iEKO11_1354.sbml,Thermo-model loaded and executed,196.3590213729489,0.0,0.0,244.0,0.0,4.232563199918452,Escherichia coli,Growth prediction > 0,All reactions handled,All reactions balanced
iECSF_1327.sbml,Thermo-model loaded and executed,196.5271705408137,0.0,0.0,239.0,0.0,13.202952229234983,Escherichia coli,Growth prediction > 0,All reactions handled,All reactions balanced
iUMNK88_1353.sbml,Thermo-model loaded and executed,245.0833442942765,0.0,0.0,251.0,0.0,35.31836606722222,Escherichia coli,Growth prediction > 0,All reactions handled,All reactions balanced
iE2348C_1286.sbml,Thermo-model loaded and executed,196.3590213729493,0.0,0.0,231.0,0.0,5.477736096135484,Escherichia coli,Growth prediction > 0,All reactions handled,All reactions balanced
iWFL_1372.sbml,Thermo-model loaded and executed,245.0833442942753,0.0,0.0,244.0,0.0,0.018253399711243137,Escherichia coli,Growth prediction > 0,All reactions handled,All reactions balanced
iNRG857_1313.sbml,Thermo-model loaded and executed,245.08334429427524,0.0,0.0,243.0,0.0,8.190195586450841,Escherichia coli,Growth prediction > 0,All reactions handled,All reactions balanced
iSFxv_1172.sbml,Thermo-model loaded and executed,147.7296368225331,0.0,0.0,228.0,0.0,1.700414363385372,Escherichia coli,Growth prediction > 0,All reactions handled,All reactions balanced
iECH74115_1262.sbml,Thermo-model loaded and executed,152.7954456711944,0.0,0.0,231.0,0.0,3.3778976416255024,Escherichia coli,Growth prediction > 0,All reactions handled,All reactions balanced
iSDY_1059.sbml,Thermo-model loaded and executed,92.71831481267184,0.0,0.0,233.0,0.0,7.623518396985058,Escherichia coli,Growth prediction > 0,All reactions handled,All reactions balanced
iAPECO1_1312.sbml,Thermo-model loaded and executed,196.3590213729485,0.0,0.0,243.0,0.0,48.86940783636839,Escherichia coli,Growth prediction > 0,All reactions handled,All reactions balanced
iECDH1ME8569_1439.sbml,Thermo-model loaded and executed,196.3751199447546,0.0,0.0,234.0,0.0,2.9149982061654622,Escherichia coli,Growth prediction > 0,All reactions handled,All reactions balanced
iECSP_1301.sbml,Thermo-model loaded and executed,196.3590213729481,0.0,0.0,233.0,0.0,7.812700118081246,Escherichia coli,Growth prediction > 0,All reactions handled,All reactions balanced
iETEC_1333.sbml,Thermo-model loaded and executed,196.35902137294903,0.0,0.0,242.0,0.0,2.578675336322871,Escherichia coli,Growth prediction > 0,All reactions handled,All reactions balanced
iSBO_1134.sbml,Thermo-model loaded and executed,438.9815627746715,0.0,0.0,231.0,0.0,7.232943312589907,Escherichia coli,Growth prediction > 0,All reactions handled,All reactions balanced
iYL1228.sbml,Thermo-model loaded and executed,53.976297699637016,0.0,0.0,394.0,0.0,39.683,Escherichia coli,Growth prediction > 0,All reactions handled,All reactions balanced
ic_1306.sbml,Thermo-model loaded and executed,17.5923156765125,0.0,0.0,242.0,0.0,17.61358069936076,Escherichia coli,Growth prediction > 0,All reactions handled,All reactions balanced
iECO111_1330.sbml,Thermo-model loaded and executed,196.3590213729481,0.0,0.0,244.0,0.0,8.00820111987099,Escherichia coli,Growth prediction > 0,All reactions handled,All reactions balanced
iECD_1391.sbml,Thermo-model loaded and executed,196.35902137294727,0.0,0.0,239.0,0.0,50.256237990438215,Escherichia coli,Growth prediction > 0,All reactions handled,All reactions balanced
iECNA114_1301.sbml,Thermo-model loaded and executed,245.08334429427703,0.0,0.0,230.0,0.0,4.932935427350728,Escherichia coli,Growth prediction > 0,All reactions handled,All reactions balanced
iECO103_1326.sbml,Thermo-model loaded and executed,196.35902137294823,0.0,0.0,235.0,0.0,7.583069948743372,Escherichia coli,Growth prediction > 0,All reactions handled,All reactions balanced
iML1515.sbml,Thermo-model loaded and executed,185.18664267265007,0.0,0.0,216.0,0.0,118.74451273844271,Escherichia coli,Growth prediction > 0,All reactions handled,All reactions balanced
iB21_1397.sbml,Thermo-model loaded and executed,196.35902137294832,0.0,0.0,239.0,0.0,5.999639735969309,Mycobacterium tuberculosis,Growth prediction > 0,All reactions handled,All reactions balanced
iEC1344_C.sbml,Thermo-model loaded and executed,187.0227678925213,0.0,0.0,260.0,0.0,6.61211186545204,Escherichia coli,Growth prediction > 0,All reactions handled,All reactions balanced
iECB_1328.sbml,Thermo-model loaded and executed,196.3590213729493,0.0,0.0,237.0,0.0,2.6907829604059668,Escherichia coli,Growth prediction > 0,All reactions handled,All reactions balanced
iEC042_1314.sbml,Thermo-model loaded and executed,196.3590213729489,0.0,0.0,234.0,0.0,5.408956498001881,Escherichia coli,Growth prediction > 0,All reactions handled,All reactions balanced
iSF_1195.sbml,Thermo-model loaded and executed,6.49726140431808,0.0,0.0,228.0,0.0,6.515507758368746,Clostridium ljungdahlii,Growth prediction > 0,All reactions handled,All reactions balanced
iEC1356_Bl21DE3.sbml,Thermo-model loaded and executed,188.31334788477884,0.0,0.0,275.0,0.0,9.722422230702758,Trypanosoma cruzi,Growth prediction > 0,All reactions handled,All reactions balanced
iECIAI1_1343.sbml,Thermo-model loaded and executed,243.6216146066362,0.0,0.0,530.0,0.0,121.81069757992567,Trypanosoma cruzi,Growth prediction > 0,All reactions handled,All reactions balanced
iRC1080.sbml,Thermo-model loaded and executed,9.707364744142016,12.0,5.0,382.0,6.0,infeasible,Trypanosoma cruzi,Infeasible,Reaction handling needs manual curation,Reaction balancing needs manual curation
iJN1463.sbml,Thermo-model loaded and executed,50.79924051344312,0.0,4.0,340.0,1.0,infeasible,Trypanosoma cruzi,Infeasible,All reactions handled,Reaction balancing needs manual curation
iSynCJ816.sbml,Initialisation failed,,,,,,0,Helicobacter pylori,Growth prediction = 0,,
RECON1.sbml,Null stoichiometric optimization,0.0,0.0,2.0,456.0,28.0,infeasible,Synechococcus elongatus,Infeasible,All reactions handled,Reaction balancing needs manual curation
iECW_1372.sbml,Thermo-model loaded and executed,123.272536990958,1.0,4.0,244.0,0.0,0,Pseudomonas putida,Growth prediction = 0,Reaction handling needs manual curation,All reactions balanced
iEK1008.sbml,Thermo-model loaded and executed,429.2356212084408,0.0,3.0,154.0,1.0,0,Synechocystis sp.,Growth prediction = 0,All reactions handled,Reaction balancing needs manual curation
iSB619.sbml,Thermo-model loaded and executed,112.49782127643638,0.0,17.0,52.0,0.0,0,Pseudomonas putida,Growth prediction = 0,All reactions handled,All reactions balanced
iCN718.sbml,Initialisation failed,,,,,,0,Escherichia coli,Growth prediction = 0,,
iJB785.sbml,Thermo-model loaded and executed,0.1072210563012052,3.0,11.0,124.0,1.0,0,Escherichia coli,Growth prediction = 0,Reaction handling needs manual curation,Reaction balancing needs manual curation
iMM904.sbml,Thermo-model loaded and executed,1.6693547915907891,0.0,3.0,101.0,4.0,0,Phaeodactylum tricornutum,Growth prediction = 0,All reactions handled,Reaction balancing needs manual curation
iHN637.sbml,Thermo-model loaded and executed,40.44781370383373,0.0,3.0,45.0,0.0,0.03312784453165364,Escherichia coli,Growth prediction > 0,All reactions handled,All reactions balanced
iLJ478.sbml,Thermo-model loaded and executed,275.7016250766425,0.0,3.0,49.0,0.0,0.001,Thermotoga maritima,Growth prediction > 0,All reactions handled,All reactions balanced
iIS312_Amastigote.sbml,Thermo-model loaded and executed,55.335443458243866,0.0,3.0,108.0,0.0,3.351582310784951,Escherichia coli,Growth prediction > 0,All reactions handled,All reactions balanced
iNJ661.sbml,Thermo-model loaded and executed,15.503875968992087,0.0,3.0,99.0,0.0,15.561440310130438,Mus musculus,Growth prediction > 0,All reactions handled,All reactions balanced
iAB_RBC_283.sbml,Null stoichiometric optimization,0.0,0.0,2.0,126.0,1.0,0,Saccharomyces cerevisiae,Growth prediction = 0,All reactions handled,Reaction balancing needs manual curation
iAF987.sbml,Thermo-model loaded and executed,14.981851759226686,0.0,4.0,194.0,0.0,0.002,Saccharomyces cerevisiae,Growth prediction > 0,All reactions handled,All reactions balanced
iAM_Pf480.sbml,Thermo-model loaded and executed,4.504504504504505,0.0,3.0,106.0,0.0,0.1937943496418,Lactococcus lactis,Growth prediction > 0,All reactions handled,All reactions balanced
e_coli_core.sbml,Thermo-model loaded and executed,7.091938981872093,0.0,3.0,1.0,0.0,0.8214783735549682,Mycobacterium tuberculosis,Growth prediction > 0,All reactions handled,All reactions balanced
STM_v1_0.sbml,Thermo-model loaded and executed,101.47678027777263,0.0,5.0,255.0,2.0,0,Escherichia coli,Growth prediction = 0,All reactions handled,Reaction balancing needs manual curation
iAM_Pb448.sbml,Thermo-model loaded and executed,8.547081598988028,0.0,3.0,105.0,0.0,0.16382147437421893,Yersinia pestis,Growth prediction > 0,All reactions handled,All reactions balanced
Recon3D.sbml,Thermo-model loaded and executed,500.0,0.0,5.0,1357.0,388.0,infeasible,Chlamydomonas reinhardtii,Infeasible,All reactions handled,Reaction balancing needs manual curation
iND750.sbml,Thermo-model loaded and executed,0.1670136839878412,0.0,3.0,88.0,0.0,infeasible,Shigella flexneri,Growth prediction = 0,All reactions handled,All reactions balanced
iIS312_Trypomastigote.sbml,Thermo-model loaded and executed,76.46793465069213,0.0,4.0,109.0,0.0,6.668630021289977,Staphylococcus aureus,Growth prediction > 0,All reactions handled,All reactions balanced
iY75_1357.sbml,Thermo-model loaded and executed,98.91848473643944,0.0,4.0,234.0,0.0,0.001939720676671854,Shigella boydii,Growth prediction > 0,All reactions handled,All reactions balanced
iYO844.sbml,Thermo-model loaded and executed,0.3732629391459267,0.0,3.0,84.0,0.0,0.00206750663090768,Shigella boydii,Growth prediction > 0,All reactions handled,All reactions balanced
iYS1720.sbml,Thermo-model loaded and executed,291.54349297150395,0.0,6.0,614.0,2.0,0,Shigella dysenteriae,Growth prediction = 0,All reactions handled,Reaction balancing needs manual curation
iLF82_1304.sbml,Thermo-model loaded and executed,123.27253699095762,1.0,4.0,241.0,0.0,infeasible,Shigella flexneri,Infeasible,Reaction handling needs manual curation,All reactions balanced
iCN900.sbml,Initialisation failed,,,,,,0,Shigella flexneri,Growth prediction = 0,,
iCHOv1.sbml,Thermo-model loaded and executed,500.0,1.0,4.0,814.0,38.0,infeasible,Shigella flexneri,Infeasible,Reaction handling needs manual curation,Reaction balancing needs manual curation
iIT341.sbml,Thermo-model loaded and executed,19.21018959343956,0.0,3.0,22.0,0.0,18.76455272242877,Shigella sonnei,Growth prediction > 0,All reactions handled,All reactions balanced
iIS312_Epimastigote.sbml,Thermo-model loaded and executed,55.33544345824388,0.0,3.0,108.0,0.0,3.35158249925034,Synechocystis sp.,Growth prediction > 0,All reactions handled,All reactions balanced
iYS854.sbml,Thermo-model loaded and executed,500.0,0.0,15.0,184.0,18.0,108.46763783357086,Escherichia coli,Growth prediction > 0,All reactions handled,Reaction balancing needs manual curation
iMM1415.sbml,Thermo-model loaded and executed,500.0,0.0,3.0,1204.0,0.0,infeasible,Escherichia coli,Growth prediction = 0,All reactions handled,All reactions balanced
iIS312.sbml,Thermo-model loaded and executed,55.33544345824387,0.0,3.0,108.0,0.0,43.202,Escherichia coli,Growth prediction > 0,All reactions handled,All reactions balanced
iAM_Pv461.sbml,Thermo-model loaded and executed,4.504504504504505,0.0,3.0,106.0,0.0,0.15473140622454132,Escherichia coli,Growth prediction > 0,All reactions handled,All reactions balanced
iAF692.sbml,Thermo-model loaded and executed,39.23977190776283,0.0,3.0,81.0,0.0,infeasible,Escherichia coli,Growth prediction = 0,All reactions handled,All reactions balanced
iAM_Pk459.sbml,Thermo-model loaded and executed,4.504504504504505,0.0,3.0,106.0,0.0,0.15473140622862888,Klebsiella pneumoniae,Growth prediction > 0,All reactions handled,All reactions balanced
iLB1027_lipid.sbml,Initialisation failed,,,,,,0,Bacillus subtilis,Growth prediction = 0,,
iNF517.sbml,Thermo-model loaded and executed,0.1608205143968001,0.0,4.0,78.0,0.0,infeasible,Salmonella pan-reactome,Growth prediction = 0,All reactions handled,All reactions balanced
iAT_PLT_636.sbml,Null stoichiometric optimization,0.0,0.0,2.0,326.0,1.0,0,Staphylococcus aureus,Growth prediction = 0,All reactions handled,Reaction balancing needs manual curation
iJN746.sbml,Thermo-model loaded and executed,130.65285927250176,0.0,3.0,54.0,0.0,1.4002,Escherichia coli,Growth prediction > 0,All reactions handled,All reactions balanced
iAM_Pc455.sbml,Thermo-model loaded and executed,4.504504504504505,0.0,3.0,105.0,0.0,0.1547314062204538,Homo sapiens,Growth prediction > 0,All reactions handled,All reactions balanced
iJR904.sbml,Thermo-model loaded and executed,13.507344920303682,0.0,3.0,30.0,0.0,0.09267027788863501,Homo sapiens,Growth prediction > 0,All reactions handled,All reactions balanced
iUTI89_1310.sbml,Thermo-model loaded and executed,98.910375530294,1.0,4.0,244.0,0.0,infeasible,Salmonella enterica,Infeasible,Reaction handling needs manual curation,All reactions balanced
