,Model,error,rxn
iEC1364_W.sbml,iEC1364_W.sbml,,No unbalanced rxns
iECS88_1305.sbml,iECS88_1305.sbml,,No unbalanced rxns
iECSE_1348.sbml,iECSE_1348.sbml,,No unbalanced rxns
iS_1188.sbml,iS_1188.sbml,,No unbalanced rxns
iEcolC_1368.sbml,iEcolC_1368.sbml,,No unbalanced rxns
iJN678.sbml,iJN678.sbml,"[<warnings.WarningMessage object at 0x7f444339a830>, <warnings.WarningMessage object at 0x7f444339a530>, <warnings.WarningMessage object at 0x7f4443399300>, <warnings.WarningMessage object at 0x7f4443398580>, <warnings.WarningMessage object at 0x7f444339ad40>, <warnings.WarningMessage object at 0x7f444339b100>, <warnings.WarningMessage object at 0x7f444339b7f0>, <warnings.WarningMessage object at 0x7f443d82ac20>, <warnings.WarningMessage object at 0x7f443d82b760>, <warnings.WarningMessage object at 0x7f443d82a7a0>, <warnings.WarningMessage object at 0x7f443d82b7f0>, <warnings.WarningMessage object at 0x7f443d82b5b0>, <warnings.WarningMessage object at 0x7f443d82bd60>, <warnings.WarningMessage object at 0x7f443d82af50>, <warnings.WarningMessage object at 0x7f443d82ac50>, <warnings.WarningMessage object at 0x7f443d82bee0>, <warnings.WarningMessage object at 0x7f443d82b880>, <warnings.WarningMessage object at 0x7f443d82b550>, <warnings.WarningMessage object at 0x7f443d82b010>, <warnings.WarningMessage object at 0x7f443d82bf70>, <warnings.WarningMessage object at 0x7f443d82b280>, <warnings.WarningMessage object at 0x7f443d82a860>, <warnings.WarningMessage object at 0x7f443d82b4f0>, <warnings.WarningMessage object at 0x7f443d82b9d0>, <warnings.WarningMessage object at 0x7f443d82acb0>, <warnings.WarningMessage object at 0x7f443d82a6e0>, <warnings.WarningMessage object at 0x7f447f61d570>, <warnings.WarningMessage object at 0x7f447f61f220>, <warnings.WarningMessage object at 0x7f447f61d210>, <warnings.WarningMessage object at 0x7f447f61e380>, <warnings.WarningMessage object at 0x7f447f61eaa0>, <warnings.WarningMessage object at 0x7f447f61e6e0>, <warnings.WarningMessage object at 0x7f447f61db70>, <warnings.WarningMessage object at 0x7f447f61d8a0>, <warnings.WarningMessage object at 0x7f447f61f9d0>, <warnings.WarningMessage object at 0x7f447f61e860>, <warnings.WarningMessage object at 0x7f447f61dcc0>, <warnings.WarningMessage object at 0x7f447f61f5b0>, <warnings.WarningMessage object at 0x7f447f61f160>, <warnings.WarningMessage object at 0x7f447f61cd90>, <warnings.WarningMessage object at 0x7f447f61f970>, <warnings.WarningMessage object at 0x7f447f61e0b0>, <warnings.WarningMessage object at 0x7f447f61e170>, <warnings.WarningMessage object at 0x7f447f61cdc0>, <warnings.WarningMessage object at 0x7f447f61cf40>, <warnings.WarningMessage object at 0x7f447f61c7f0>, <warnings.WarningMessage object at 0x7f4476d94e50>, <warnings.WarningMessage object at 0x7f4476d96050>, <warnings.WarningMessage object at 0x7f4476d97250>, <warnings.WarningMessage object at 0x7f447f54ec80>, <warnings.WarningMessage object at 0x7f447f54e770>, <warnings.WarningMessage object at 0x7f447f54da20>, <warnings.WarningMessage object at 0x7f447f54d870>, <warnings.WarningMessage object at 0x7f447f54f400>, <warnings.WarningMessage object at 0x7f447f54f1c0>, <warnings.WarningMessage object at 0x7f447f54d630>, <warnings.WarningMessage object at 0x7f447f54d930>, <warnings.WarningMessage object at 0x7f447f54dcc0>, <warnings.WarningMessage object at 0x7f447f54d450>, <warnings.WarningMessage object at 0x7f447f54cd30>, <warnings.WarningMessage object at 0x7f44289d1c30>, <warnings.WarningMessage object at 0x7f44289d3ca0>, <warnings.WarningMessage object at 0x7f44289d2200>, <warnings.WarningMessage object at 0x7f44289d2c20>, <warnings.WarningMessage object at 0x7f4458d4d300>, <warnings.WarningMessage object at 0x7f447561bf10>, <warnings.WarningMessage object at 0x7f447561b6a0>, <warnings.WarningMessage object at 0x7f447561a410>, <warnings.WarningMessage object at 0x7f447f5f78b0>, <warnings.WarningMessage object at 0x7f447f5f4cd0>, <warnings.WarningMessage object at 0x7f447f5f7c10>, <warnings.WarningMessage object at 0x7f447f5f5ff0>, <warnings.WarningMessage object at 0x7f447f5f6980>, <warnings.WarningMessage object at 0x7f447f5f6a10>, <warnings.WarningMessage object at 0x7f447f5f4e20>, <warnings.WarningMessage object at 0x7f447f5f4160>, <warnings.WarningMessage object at 0x7f447f5f6ef0>, <warnings.WarningMessage object at 0x7f447f5f4310>, <warnings.WarningMessage object at 0x7f441a17d870>, <warnings.WarningMessage object at 0x7f4419f9dff0>, <warnings.WarningMessage object at 0x7f4419f9dd20>, <warnings.WarningMessage object at 0x7f4419feef50>, <warnings.WarningMessage object at 0x7f4419fec100>, <warnings.WarningMessage object at 0x7f445bc7f940>, <warnings.WarningMessage object at 0x7f445bc7f880>, <warnings.WarningMessage object at 0x7f445bc7f460>, <warnings.WarningMessage object at 0x7f443475bf40>, <warnings.WarningMessage object at 0x7f443475bdf0>, <warnings.WarningMessage object at 0x7f446609fd00>, <warnings.WarningMessage object at 0x7f4459e94f40>, <warnings.WarningMessage object at 0x7f448b7456c0>, <warnings.WarningMessage object at 0x7f44826398a0>, <warnings.WarningMessage object at 0x7f4482638c40>, <warnings.WarningMessage object at 0x7f448263b0a0>, <warnings.WarningMessage object at 0x7f448263ba90>, <warnings.WarningMessage object at 0x7f448263b880>, <warnings.WarningMessage object at 0x7f445c3890f0>, <warnings.WarningMessage object at 0x7f445c38bdc0>, <warnings.WarningMessage object at 0x7f445c38a9e0>, <warnings.WarningMessage object at 0x7f445c38b040>, <warnings.WarningMessage object at 0x7f445c389f60>, <warnings.WarningMessage object at 0x7f445c388280>, <warnings.WarningMessage object at 0x7f442022be20>, <warnings.WarningMessage object at 0x7f444de0f8b0>, <warnings.WarningMessage object at 0x7f444de0cb80>, <warnings.WarningMessage object at 0x7f444de0faf0>, <warnings.WarningMessage object at 0x7f444de0fb80>, <warnings.WarningMessage object at 0x7f444de0e9e0>, <warnings.WarningMessage object at 0x7f444de0e5f0>, <warnings.WarningMessage object at 0x7f444de0da80>, <warnings.WarningMessage object at 0x7f444de0ebc0>, <warnings.WarningMessage object at 0x7f444de0c6d0>, <warnings.WarningMessage object at 0x7f444de0e110>, <warnings.WarningMessage object at 0x7f444de0e6b0>, <warnings.WarningMessage object at 0x7f444de0eb60>, <warnings.WarningMessage object at 0x7f444de0d030>, <warnings.WarningMessage object at 0x7f444de0c8e0>, <warnings.WarningMessage object at 0x7f444de0f370>, <warnings.WarningMessage object at 0x7f444de0df90>, <warnings.WarningMessage object at 0x7f444de0ee00>, <warnings.WarningMessage object at 0x7f444fe82a40>, <warnings.WarningMessage object at 0x7f44676eb280>, <warnings.WarningMessage object at 0x7f444f467310>, <warnings.WarningMessage object at 0x7f444f465480>, <warnings.WarningMessage object at 0x7f444f466080>, <warnings.WarningMessage object at 0x7f444f465b70>, <warnings.WarningMessage object at 0x7f444f466740>, <warnings.WarningMessage object at 0x7f444f464610>, <warnings.WarningMessage object at 0x7f444f466c20>, <warnings.WarningMessage object at 0x7f4477d61cf0>, <warnings.WarningMessage object at 0x7f4477d61ba0>, <warnings.WarningMessage object at 0x7f4482a18e20>, <warnings.WarningMessage object at 0x7f4482a1b3d0>, <warnings.WarningMessage object at 0x7f4482a18610>, <warnings.WarningMessage object at 0x7f4482a19d50>, <warnings.WarningMessage object at 0x7f4480837ac0>, <warnings.WarningMessage object at 0x7f4480837700>, <warnings.WarningMessage object at 0x7f442320dba0>, <warnings.WarningMessage object at 0x7f44634ed420>, <warnings.WarningMessage object at 0x7f447f532b30>, <warnings.WarningMessage object at 0x7f447f5337c0>, <warnings.WarningMessage object at 0x7f447f533430>, <warnings.WarningMessage object at 0x7f447f531f90>, <warnings.WarningMessage object at 0x7f447f5311e0>, <warnings.WarningMessage object at 0x7f447f530c10>, <warnings.WarningMessage object at 0x7f44a7ec8760>, <warnings.WarningMessage object at 0x7f44a7ecb9d0>, <warnings.WarningMessage object at 0x7f443a217bb0>, <warnings.WarningMessage object at 0x7f444746de40>, <warnings.WarningMessage object at 0x7f444746e230>, <warnings.WarningMessage object at 0x7f444746e410>, <warnings.WarningMessage object at 0x7f444746de70>, <warnings.WarningMessage object at 0x7f444746e050>, <warnings.WarningMessage object at 0x7f44b3e235e0>, <warnings.WarningMessage object at 0x7f44b3e23070>, <warnings.WarningMessage object at 0x7f44b3e20730>, <warnings.WarningMessage object at 0x7f44b3e208e0>, <warnings.WarningMessage object at 0x7f44b3e22530>, <warnings.WarningMessage object at 0x7f44b3e211e0>, <warnings.WarningMessage object at 0x7f44b3e223b0>, <warnings.WarningMessage object at 0x7f44b3e236a0>, <warnings.WarningMessage object at 0x7f44b3e22f80>, <warnings.WarningMessage object at 0x7f44b3e23fa0>, <warnings.WarningMessage object at 0x7f4448c69450>, <warnings.WarningMessage object at 0x7f4448c6b970>, <warnings.WarningMessage object at 0x7f4448c6a6b0>, <warnings.WarningMessage object at 0x7f4419dbea40>, <warnings.WarningMessage object at 0x7f4419dbc550>, <warnings.WarningMessage object at 0x7f4419dbead0>, <warnings.WarningMessage object at 0x7f4419dbfaf0>, <warnings.WarningMessage object at 0x7f4419dbf190>, <warnings.WarningMessage object at 0x7f4419dbd510>, <warnings.WarningMessage object at 0x7f4419dbff10>, <warnings.WarningMessage object at 0x7f4419dbc730>, <warnings.WarningMessage object at 0x7f4419dbc190>, <warnings.WarningMessage object at 0x7f4419dbf0a0>, <warnings.WarningMessage object at 0x7f4419dbd480>, <warnings.WarningMessage object at 0x7f4437ff5e10>, <warnings.WarningMessage object at 0x7f4437ff6ef0>, <warnings.WarningMessage object at 0x7f4437ff4850>, <warnings.WarningMessage object at 0x7f4437ff6da0>, <warnings.WarningMessage object at 0x7f4437ff71f0>, <warnings.WarningMessage object at 0x7f4437ff64d0>, <warnings.WarningMessage object at 0x7f4451490250>, <warnings.WarningMessage object at 0x7f44514930d0>, <warnings.WarningMessage object at 0x7f4451492e90>, <warnings.WarningMessage object at 0x7f44514913c0>, <warnings.WarningMessage object at 0x7f4456b73760>, <warnings.WarningMessage object at 0x7f444b17f280>, <warnings.WarningMessage object at 0x7f444b17e2c0>, <warnings.WarningMessage object at 0x7f444b17e230>, <warnings.WarningMessage object at 0x7f444b17e950>, <warnings.WarningMessage object at 0x7f443a21f250>, <warnings.WarningMessage object at 0x7f443a21e6b0>, <warnings.WarningMessage object at 0x7f443a21e410>, <warnings.WarningMessage object at 0x7f4485d9eb90>, <warnings.WarningMessage object at 0x7f44a92f62c0>, <warnings.WarningMessage object at 0x7f44a92f4100>, <warnings.WarningMessage object at 0x7f44a92f6200>, <warnings.WarningMessage object at 0x7f44a92f49a0>, <warnings.WarningMessage object at 0x7f4429841990>, <warnings.WarningMessage object at 0x7f4429842290>, <warnings.WarningMessage object at 0x7f44783c9a80>, <warnings.WarningMessage object at 0x7f44783c9ba0>, <warnings.WarningMessage object at 0x7f44783ca770>]","['BIOMASS_Ec_SynAuto', 'BIOMASS_Ec_SynMixo', 'BIOMASS_Ec_SynHetero']"
iAF1260.sbml,iAF1260.sbml,,No unbalanced rxns
iEC55989_1330.sbml,iEC55989_1330.sbml,,No unbalanced rxns
iEC1372_W3110.sbml,iEC1372_W3110.sbml,,No unbalanced rxns
iSbBS512_1146.sbml,iSbBS512_1146.sbml,,No unbalanced rxns
iSFV_1184.sbml,iSFV_1184.sbml,,No unbalanced rxns
iEcHS_1320.sbml,iEcHS_1320.sbml,,No unbalanced rxns
iEC1368_DH5a.sbml,iEC1368_DH5a.sbml,,No unbalanced rxns
iEC1349_Crooks.sbml,iEC1349_Crooks.sbml,,No unbalanced rxns
iECUMN_1333.sbml,iECUMN_1333.sbml,,No unbalanced rxns
iECBD_1354.sbml,iECBD_1354.sbml,,No unbalanced rxns
iBWG_1329.sbml,iBWG_1329.sbml,,No unbalanced rxns
iJO1366.sbml,iJO1366.sbml,,No unbalanced rxns
iG2583_1286.sbml,iG2583_1286.sbml,,No unbalanced rxns
iECIAI39_1322.sbml,iECIAI39_1322.sbml,,No unbalanced rxns
iECs_1301.sbml,iECs_1301.sbml,,No unbalanced rxns
iEcDH1_1363.sbml,iEcDH1_1363.sbml,,No unbalanced rxns
iECDH10B_1368.sbml,iECDH10B_1368.sbml,,No unbalanced rxns
iZ_1308.sbml,iZ_1308.sbml,,No unbalanced rxns
iECABU_c1320.sbml,iECABU_c1320.sbml,,No unbalanced rxns
iAF1260b.sbml,iAF1260b.sbml,,No unbalanced rxns
iECOK1_1307.sbml,iECOK1_1307.sbml,,No unbalanced rxns
iUMN146_1321.sbml,iUMN146_1321.sbml,,No unbalanced rxns
iECP_1309.sbml,iECP_1309.sbml,,No unbalanced rxns
iEcE24377_1341.sbml,iEcE24377_1341.sbml,,No unbalanced rxns
iECED1_1282.sbml,iECED1_1282.sbml,,No unbalanced rxns
iSSON_1240.sbml,iSSON_1240.sbml,,No unbalanced rxns
iEcSMS35_1347.sbml,iEcSMS35_1347.sbml,,No unbalanced rxns
iECO26_1355.sbml,iECO26_1355.sbml,,No unbalanced rxns
iPC815.sbml,iPC815.sbml,"[<warnings.WarningMessage object at 0x7f44aea318d0>, <warnings.WarningMessage object at 0x7f4413dfbd30>, <warnings.WarningMessage object at 0x7f4413dfb250>, <warnings.WarningMessage object at 0x7f4413dfad10>, <warnings.WarningMessage object at 0x7f4413df8df0>, <warnings.WarningMessage object at 0x7f4413df9990>, <warnings.WarningMessage object at 0x7f4413df97e0>, <warnings.WarningMessage object at 0x7f4413df92d0>, <warnings.WarningMessage object at 0x7f4413df8610>, <warnings.WarningMessage object at 0x7f4413dfbb80>, <warnings.WarningMessage object at 0x7f445a178460>, <warnings.WarningMessage object at 0x7f44652e8880>, <warnings.WarningMessage object at 0x7f44652eb9a0>, <warnings.WarningMessage object at 0x7f44652eb460>, <warnings.WarningMessage object at 0x7f44652e95d0>, <warnings.WarningMessage object at 0x7f44652eb370>, <warnings.WarningMessage object at 0x7f4431f657e0>, <warnings.WarningMessage object at 0x7f4431f67670>, <warnings.WarningMessage object at 0x7f4431f66800>, <warnings.WarningMessage object at 0x7f4431f65b10>, <warnings.WarningMessage object at 0x7f4431f65090>, <warnings.WarningMessage object at 0x7f4431f64fa0>, <warnings.WarningMessage object at 0x7f4423e2be80>, <warnings.WarningMessage object at 0x7f4423e2b1c0>, <warnings.WarningMessage object at 0x7f4423e2b460>, <warnings.WarningMessage object at 0x7f4423e2a410>, <warnings.WarningMessage object at 0x7f4423e2a4a0>, <warnings.WarningMessage object at 0x7f4423e285e0>, <warnings.WarningMessage object at 0x7f44192d8a00>, <warnings.WarningMessage object at 0x7f44192db9a0>, <warnings.WarningMessage object at 0x7f44192d9660>, <warnings.WarningMessage object at 0x7f449f55fa00>, <warnings.WarningMessage object at 0x7f449f55d180>, <warnings.WarningMessage object at 0x7f4439cf3700>, <warnings.WarningMessage object at 0x7f4439cf2bf0>, <warnings.WarningMessage object at 0x7f4439cf1a20>, <warnings.WarningMessage object at 0x7f4439cf03a0>, <warnings.WarningMessage object at 0x7f4439cf23b0>, <warnings.WarningMessage object at 0x7f4439cf0cd0>, <warnings.WarningMessage object at 0x7f4423082c50>, <warnings.WarningMessage object at 0x7f4423080790>, <warnings.WarningMessage object at 0x7f4423080850>, <warnings.WarningMessage object at 0x7f4423080490>, <warnings.WarningMessage object at 0x7f44230833d0>, <warnings.WarningMessage object at 0x7f4423080760>, <warnings.WarningMessage object at 0x7f4423083010>, <warnings.WarningMessage object at 0x7f44488c3d00>, <warnings.WarningMessage object at 0x7f44488c2050>, <warnings.WarningMessage object at 0x7f44488c0040>, <warnings.WarningMessage object at 0x7f44488c3af0>, <warnings.WarningMessage object at 0x7f44488c31c0>, <warnings.WarningMessage object at 0x7f44488c1450>, <warnings.WarningMessage object at 0x7f447ee8fb50>, <warnings.WarningMessage object at 0x7f447ee8f820>, <warnings.WarningMessage object at 0x7f447ee8f730>, <warnings.WarningMessage object at 0x7f447ee8cdf0>, <warnings.WarningMessage object at 0x7f447ee8d300>, <warnings.WarningMessage object at 0x7f447ee8cb80>, <warnings.WarningMessage object at 0x7f447ee8c8b0>, <warnings.WarningMessage object at 0x7f447ee8c5e0>, <warnings.WarningMessage object at 0x7f447ee8c700>, <warnings.WarningMessage object at 0x7f4428df1990>, <warnings.WarningMessage object at 0x7f4428df1cc0>, <warnings.WarningMessage object at 0x7f4428df2410>, <warnings.WarningMessage object at 0x7f4428df2620>, <warnings.WarningMessage object at 0x7f44a4c03b50>, <warnings.WarningMessage object at 0x7f448c5dac80>, <warnings.WarningMessage object at 0x7f445cd532e0>, <warnings.WarningMessage object at 0x7f445cd53850>, <warnings.WarningMessage object at 0x7f445cd50be0>, <warnings.WarningMessage object at 0x7f445cd53490>, <warnings.WarningMessage object at 0x7f445cd50d60>, <warnings.WarningMessage object at 0x7f445cd50f10>, <warnings.WarningMessage object at 0x7f445cd52260>, <warnings.WarningMessage object at 0x7f445cd51420>, <warnings.WarningMessage object at 0x7f445cd514b0>, <warnings.WarningMessage object at 0x7f44aa5ae9b0>, <warnings.WarningMessage object at 0x7f44388218d0>, <warnings.WarningMessage object at 0x7f4438820a60>, <warnings.WarningMessage object at 0x7f4438823c40>, <warnings.WarningMessage object at 0x7f4438820c40>, <warnings.WarningMessage object at 0x7f44388201c0>, <warnings.WarningMessage object at 0x7f44388220e0>, <warnings.WarningMessage object at 0x7f44388230d0>, <warnings.WarningMessage object at 0x7f4427de3670>, <warnings.WarningMessage object at 0x7f4427de3f40>, <warnings.WarningMessage object at 0x7f4427de2740>, <warnings.WarningMessage object at 0x7f4427de1ab0>, <warnings.WarningMessage object at 0x7f4427de0ac0>, <warnings.WarningMessage object at 0x7f4427de0610>, <warnings.WarningMessage object at 0x7f4427de2590>, <warnings.WarningMessage object at 0x7f4427de3b20>, <warnings.WarningMessage object at 0x7f44adc84a00>, <warnings.WarningMessage object at 0x7f44adc84e80>, <warnings.WarningMessage object at 0x7f44adc86ef0>, <warnings.WarningMessage object at 0x7f44adc86a40>, <warnings.WarningMessage object at 0x7f44adc870a0>, <warnings.WarningMessage object at 0x7f44185f4b20>, <warnings.WarningMessage object at 0x7f44185f77f0>, <warnings.WarningMessage object at 0x7f44185f6a70>, <warnings.WarningMessage object at 0x7f44185f4e20>, <warnings.WarningMessage object at 0x7f44185f6230>, <warnings.WarningMessage object at 0x7f44185f5660>, <warnings.WarningMessage object at 0x7f44185f5720>, <warnings.WarningMessage object at 0x7f44185f7df0>, <warnings.WarningMessage object at 0x7f44185f4670>, <warnings.WarningMessage object at 0x7f44185f6e60>, <warnings.WarningMessage object at 0x7f44464c3310>, <warnings.WarningMessage object at 0x7f44464c2740>, <warnings.WarningMessage object at 0x7f44464c3160>, <warnings.WarningMessage object at 0x7f44464c0790>, <warnings.WarningMessage object at 0x7f442a901420>, <warnings.WarningMessage object at 0x7f442a9028c0>, <warnings.WarningMessage object at 0x7f445ef01540>, <warnings.WarningMessage object at 0x7f445ef036a0>, <warnings.WarningMessage object at 0x7f445ef01de0>, <warnings.WarningMessage object at 0x7f445ef00a60>, <warnings.WarningMessage object at 0x7f4442ba0e80>, <warnings.WarningMessage object at 0x7f4442ba1c30>, <warnings.WarningMessage object at 0x7f4442ba0190>, <warnings.WarningMessage object at 0x7f4442ba1600>, <warnings.WarningMessage object at 0x7f4442ba3f70>, <warnings.WarningMessage object at 0x7f4442ba1c90>, <warnings.WarningMessage object at 0x7f4442ba0a30>, <warnings.WarningMessage object at 0x7f4442ba2cb0>, <warnings.WarningMessage object at 0x7f4442ba2200>, <warnings.WarningMessage object at 0x7f4442ba16c0>, <warnings.WarningMessage object at 0x7f4442ba3700>, <warnings.WarningMessage object at 0x7f4442ba1240>, <warnings.WarningMessage object at 0x7f4442ba2d10>, <warnings.WarningMessage object at 0x7f442246d7b0>, <warnings.WarningMessage object at 0x7f442246d690>, <warnings.WarningMessage object at 0x7f442246c0d0>, <warnings.WarningMessage object at 0x7f442246d510>, <warnings.WarningMessage object at 0x7f441adfe680>, <warnings.WarningMessage object at 0x7f441adfee30>, <warnings.WarningMessage object at 0x7f441adfeb00>, <warnings.WarningMessage object at 0x7f441adfe230>, <warnings.WarningMessage object at 0x7f441adfdae0>, <warnings.WarningMessage object at 0x7f441adfd8a0>, <warnings.WarningMessage object at 0x7f441adfcd90>, <warnings.WarningMessage object at 0x7f441adfc4c0>, <warnings.WarningMessage object at 0x7f441adfcfd0>, <warnings.WarningMessage object at 0x7f447e6a7cd0>, <warnings.WarningMessage object at 0x7f447e6a75e0>, <warnings.WarningMessage object at 0x7f447e6a4880>, <warnings.WarningMessage object at 0x7f447e6a4f10>, <warnings.WarningMessage object at 0x7f447e6a43d0>, <warnings.WarningMessage object at 0x7f447e6a6a10>, <warnings.WarningMessage object at 0x7f447e6a4760>, <warnings.WarningMessage object at 0x7f447e6a70a0>, <warnings.WarningMessage object at 0x7f447e6a7940>, <warnings.WarningMessage object at 0x7f443bc7b3a0>, <warnings.WarningMessage object at 0x7f443bc7b130>, <warnings.WarningMessage object at 0x7f443bc7a860>, <warnings.WarningMessage object at 0x7f443bc7aa10>, <warnings.WarningMessage object at 0x7f443bc78850>, <warnings.WarningMessage object at 0x7f443bc78640>, <warnings.WarningMessage object at 0x7f443bc7a590>, <warnings.WarningMessage object at 0x7f443bc78190>, <warnings.WarningMessage object at 0x7f443bc78df0>, <warnings.WarningMessage object at 0x7f443bc7bb50>, <warnings.WarningMessage object at 0x7f443bc78b50>, <warnings.WarningMessage object at 0x7f443bc79210>, <warnings.WarningMessage object at 0x7f443bc78790>, <warnings.WarningMessage object at 0x7f443bc7a3b0>, <warnings.WarningMessage object at 0x7f443bc7b430>, <warnings.WarningMessage object at 0x7f443bc7a230>, <warnings.WarningMessage object at 0x7f443bc78460>, <warnings.WarningMessage object at 0x7f44a86e8bb0>, <warnings.WarningMessage object at 0x7f44a86eb610>, <warnings.WarningMessage object at 0x7f44a86e9bd0>, <warnings.WarningMessage object at 0x7f44a86eb7c0>, <warnings.WarningMessage object at 0x7f44a86eb130>, <warnings.WarningMessage object at 0x7f44a86e9510>, <warnings.WarningMessage object at 0x7f442582bb80>, <warnings.WarningMessage object at 0x7f442582ac80>, <warnings.WarningMessage object at 0x7f442582b5b0>, <warnings.WarningMessage object at 0x7f442582abc0>, <warnings.WarningMessage object at 0x7f442582a710>, <warnings.WarningMessage object at 0x7f4425829e40>, <warnings.WarningMessage object at 0x7f44258283d0>, <warnings.WarningMessage object at 0x7f4425828280>, <warnings.WarningMessage object at 0x7f4482be5510>, <warnings.WarningMessage object at 0x7f4482be5630>, <warnings.WarningMessage object at 0x7f4457b11a50>, <warnings.WarningMessage object at 0x7f4457b12020>, <warnings.WarningMessage object at 0x7f4457b13400>, <warnings.WarningMessage object at 0x7f4457b12470>, <warnings.WarningMessage object at 0x7f4457b13a60>, <warnings.WarningMessage object at 0x7f4457b111e0>, <warnings.WarningMessage object at 0x7f4457b13490>, <warnings.WarningMessage object at 0x7f442bb20310>, <warnings.WarningMessage object at 0x7f44751cfd30>, <warnings.WarningMessage object at 0x7f449f5c3af0>, <warnings.WarningMessage object at 0x7f449f5c3e20>, <warnings.WarningMessage object at 0x7f449f5c30a0>, <warnings.WarningMessage object at 0x7f449f5c3310>, <warnings.WarningMessage object at 0x7f449f5c21a0>, <warnings.WarningMessage object at 0x7f449f5c1e70>, <warnings.WarningMessage object at 0x7f449f5c05b0>, <warnings.WarningMessage object at 0x7f449f5c07c0>, <warnings.WarningMessage object at 0x7f44767bc4f0>, <warnings.WarningMessage object at 0x7f44767bdb10>, <warnings.WarningMessage object at 0x7f44752856f0>, <warnings.WarningMessage object at 0x7f4475285a50>, <warnings.WarningMessage object at 0x7f4475285e10>, <warnings.WarningMessage object at 0x7f4475287040>, <warnings.WarningMessage object at 0x7f442a470430>, <warnings.WarningMessage object at 0x7f442a4728f0>, <warnings.WarningMessage object at 0x7f442a471ff0>, <warnings.WarningMessage object at 0x7f442a471870>, <warnings.WarningMessage object at 0x7f442a471480>, <warnings.WarningMessage object at 0x7f442a470ac0>, <warnings.WarningMessage object at 0x7f441ad5f4c0>, <warnings.WarningMessage object at 0x7f441ad5f1f0>, <warnings.WarningMessage object at 0x7f441ad5e2f0>, <warnings.WarningMessage object at 0x7f441ad5dc60>, <warnings.WarningMessage object at 0x7f441ad5c7f0>, <warnings.WarningMessage object at 0x7f441ad5eec0>, <warnings.WarningMessage object at 0x7f441ad5fe50>, <warnings.WarningMessage object at 0x7f442cf7e800>, <warnings.WarningMessage object at 0x7f44a54972b0>, <warnings.WarningMessage object at 0x7f44a5495f00>, <warnings.WarningMessage object at 0x7f44a54968c0>, <warnings.WarningMessage object at 0x7f44a5497400>, <warnings.WarningMessage object at 0x7f44a5497a60>, <warnings.WarningMessage object at 0x7f44a5494850>, <warnings.WarningMessage object at 0x7f44a5495690>, <warnings.WarningMessage object at 0x7f44a5494c40>, <warnings.WarningMessage object at 0x7f4431f83f10>, <warnings.WarningMessage object at 0x7f4431f82ef0>, <warnings.WarningMessage object at 0x7f4431f82d70>, <warnings.WarningMessage object at 0x7f4431f83af0>, <warnings.WarningMessage object at 0x7f4431f83100>, <warnings.WarningMessage object at 0x7f4431f83400>, <warnings.WarningMessage object at 0x7f4431f833d0>, <warnings.WarningMessage object at 0x7f4431f83010>, <warnings.WarningMessage object at 0x7f4431f82980>, <warnings.WarningMessage object at 0x7f4431f81570>, <warnings.WarningMessage object at 0x7f4431f80d60>, <warnings.WarningMessage object at 0x7f4431f80f70>, <warnings.WarningMessage object at 0x7f4431f80850>, <warnings.WarningMessage object at 0x7f4431f80250>, <warnings.WarningMessage object at 0x7f4452f83250>, <warnings.WarningMessage object at 0x7f4452f83fd0>, <warnings.WarningMessage object at 0x7f44a919c0a0>, <warnings.WarningMessage object at 0x7f44419de050>, <warnings.WarningMessage object at 0x7f44419de710>, <warnings.WarningMessage object at 0x7f44419dfaf0>, <warnings.WarningMessage object at 0x7f44419dc910>, <warnings.WarningMessage object at 0x7f44419df880>, <warnings.WarningMessage object at 0x7f44419ddc00>, <warnings.WarningMessage object at 0x7f44419df310>, <warnings.WarningMessage object at 0x7f44419dd450>, <warnings.WarningMessage object at 0x7f44419dfd30>, <warnings.WarningMessage object at 0x7f44419dd870>, <warnings.WarningMessage object at 0x7f44419dd600>, <warnings.WarningMessage object at 0x7f4416113a00>, <warnings.WarningMessage object at 0x7f4416111b10>, <warnings.WarningMessage object at 0x7f44a6cfaef0>, <warnings.WarningMessage object at 0x7f44a6cfba60>, <warnings.WarningMessage object at 0x7f44a6cf90c0>, <warnings.WarningMessage object at 0x7f44a6cf8b80>, <warnings.WarningMessage object at 0x7f44a6cf8940>, <warnings.WarningMessage object at 0x7f44a6cf9f60>, <warnings.WarningMessage object at 0x7f44a6cfbdf0>, <warnings.WarningMessage object at 0x7f44a6cfbb50>, <warnings.WarningMessage object at 0x7f44a6cfba90>, <warnings.WarningMessage object at 0x7f44a6cfb460>, <warnings.WarningMessage object at 0x7f44a6cfba00>, <warnings.WarningMessage object at 0x7f44a6cf8cd0>, <warnings.WarningMessage object at 0x7f44a6cfab90>, <warnings.WarningMessage object at 0x7f44a6cf9720>, <warnings.WarningMessage object at 0x7f44a6cf8c10>, <warnings.WarningMessage object at 0x7f44a6cfbfd0>, <warnings.WarningMessage object at 0x7f44a6cfa5f0>, <warnings.WarningMessage object at 0x7f44a6cfaa70>, <warnings.WarningMessage object at 0x7f44a6cfaf80>, <warnings.WarningMessage object at 0x7f44a6cfbc10>, <warnings.WarningMessage object at 0x7f44a6cfb310>, <warnings.WarningMessage object at 0x7f44a6cfa800>, <warnings.WarningMessage object at 0x7f44a6cface0>, <warnings.WarningMessage object at 0x7f44388e52a0>, <warnings.WarningMessage object at 0x7f447b0093c0>]","['BIOMASS_25C', 'BIOMASS_37C']"
iEKO11_1354.sbml,iEKO11_1354.sbml,,No unbalanced rxns
iECSF_1327.sbml,iECSF_1327.sbml,,No unbalanced rxns
iUMNK88_1353.sbml,iUMNK88_1353.sbml,,No unbalanced rxns
iE2348C_1286.sbml,iE2348C_1286.sbml,,No unbalanced rxns
iWFL_1372.sbml,iWFL_1372.sbml,,No unbalanced rxns
iNRG857_1313.sbml,iNRG857_1313.sbml,,No unbalanced rxns
iSFxv_1172.sbml,iSFxv_1172.sbml,,No unbalanced rxns
iECH74115_1262.sbml,iECH74115_1262.sbml,,No unbalanced rxns
iSDY_1059.sbml,iSDY_1059.sbml,,No unbalanced rxns
iAPECO1_1312.sbml,iAPECO1_1312.sbml,,No unbalanced rxns
iECDH1ME8569_1439.sbml,iECDH1ME8569_1439.sbml,,No unbalanced rxns
iECSP_1301.sbml,iECSP_1301.sbml,,No unbalanced rxns
iETEC_1333.sbml,iETEC_1333.sbml,,No unbalanced rxns
iSBO_1134.sbml,iSBO_1134.sbml,,No unbalanced rxns
iYL1228.sbml,iYL1228.sbml,,No unbalanced rxns
ic_1306.sbml,ic_1306.sbml,,No unbalanced rxns
iECO111_1330.sbml,iECO111_1330.sbml,,No unbalanced rxns
iECD_1391.sbml,iECD_1391.sbml,,No unbalanced rxns
iECNA114_1301.sbml,iECNA114_1301.sbml,,No unbalanced rxns
iECO103_1326.sbml,iECO103_1326.sbml,,No unbalanced rxns
iML1515.sbml,iML1515.sbml,,No unbalanced rxns
iB21_1397.sbml,iB21_1397.sbml,,No unbalanced rxns
iEC1344_C.sbml,iEC1344_C.sbml,,No unbalanced rxns
iECB_1328.sbml,iECB_1328.sbml,,No unbalanced rxns
iEC042_1314.sbml,iEC042_1314.sbml,,No unbalanced rxns
iSF_1195.sbml,iSF_1195.sbml,,No unbalanced rxns
iEC1356_Bl21DE3.sbml,iEC1356_Bl21DE3.sbml,,No unbalanced rxns
iECIAI1_1343.sbml,iECIAI1_1343.sbml,,No unbalanced rxns
