,tfva_dir,init_dir,nomet_dir,tfva_dir_ac
ALAabc,Reversible,Forward,Reversible,Reversible
ALDD2x,Forward,Forward,Forward,Forward
ABTA,Reversible,Forward,Reversible,Reversible
ABUTD,Reversible,Forward,Reversible,Reversible
AMALT1,Reversible,Forward,Reversible,Reversible
AMALT2,Reversible,Forward,Reversible,Reversible
AMALT3,Reversible,Forward,Reversible,Reversible
AMALT4,Reversible,Forward,Reversible,Reversible
AMPN,Reversible,Forward,Reversible,Reversible
ANPRT,Forward,Forward,Forward,Forward
ANS,Forward,Forward,Forward,Forward
ACCOAL,Reversible,Forward,Reversible,Reversible
2DGLCNRx,Reversible,Forward,Reversible,Reversible
2DGLCNRy,Reversible,Forward,Reversible,Reversible
ACGK,Forward,Forward,Forward,Forward
ACGS,Forward,Forward,Forward,Forward
ACHBS,Forward,Forward,Forward,Forward
ACKr,Reversible,Reversible,Reversible,Reversible
ACLS,Forward,Forward,Forward,Forward
2DGULRx,Reversible,Forward,Reversible,Reversible
APRAUR,Forward,Forward,Forward,Forward
2DGULRy,Reversible,Forward,Reversible,Reversible
ARBabc,Reversible,Forward,Reversible,Reversible
ACOATA,Reversible,Reversible,Reversible,Reversible
ACODA,Forward,Forward,Forward,Reversible
ARBt2r,Reversible,Reversible,Reversible,Reversible
ACONT,Reversible,Reversible,Reversible,Reversible
ACOTA,Backward,Reversible,Backward,Backward
A5PISO,Forward,Reversible,Forward,Forward
AACPS1,Reversible,Forward,Reversible,Reversible
AACPS2,Reversible,Forward,Reversible,Reversible
ACS,Reversible,Forward,Reversible,Forward
ACt2r,Backward,Reversible,Backward,Forward
ADA,Forward,Forward,Forward,Forward
ADCL,Forward,Forward,Forward,Forward
ADCS,Forward,Forward,Forward,Forward
AACPS3,Reversible,Forward,Reversible,Reversible
AACPS4,Reversible,Forward,Reversible,Reversible
ADD,Forward,Forward,Forward,Forward
AACPS5,Reversible,Forward,Reversible,Reversible
ARGORNt7,Reversible,Reversible,Reversible,Reversible
ADK1,Reversible,Reversible,Reversible,Reversible
ADK3,Reversible,Reversible,Reversible,Reversible
ARGSL,Reversible,Reversible,Reversible,Reversible
ARGSS,Reversible,Forward,Reversible,Reversible
ADNK1,Reversible,Forward,Reversible,Reversible
C120SN,Forward,Forward,Forward,Forward
ARGabc,Reversible,Forward,Reversible,Reversible
ASAD,Reversible,Reversible,Reversible,Reversible
ADPT,Reversible,Forward,Reversible,Reversible
ASNN,Reversible,Forward,Reversible,Reversible
ADSK,Forward,Forward,Forward,Forward
ADSL1r,Forward,Reversible,Forward,Forward
ADSL2r,Forward,Reversible,Forward,Forward
ADSS,Forward,Forward,Forward,Forward
C140SN,Reversible,Forward,Reversible,Reversible
C141SN,Forward,Forward,Forward,Forward
C160SN,Reversible,Forward,Reversible,Reversible
C161SN,Forward,Forward,Forward,Forward
C181SN,Forward,Forward,Forward,Forward
AGMHE,Forward,Forward,Forward,Forward
ASNS1,Forward,Forward,Reversible,Reversible
AGPR,Backward,Reversible,Backward,Reversible
ASNS2,Reversible,Forward,Reversible,Reversible
ASNabc,Reversible,Forward,Reversible,Reversible
ASNt2r,Reversible,Reversible,Reversible,Reversible
CAT,Forward,Forward,Forward,Forward
ASP1DC,Forward,Forward,Forward,Forward
AICART,Forward,Reversible,Forward,Forward
AIRC2,Forward,Forward,Forward,Forward
AIRC3,Backward,Reversible,Backward,Backward
ASPCT,Forward,Forward,Forward,Forward
ALAALAr,Forward,Reversible,Forward,Forward
CBPS,Forward,Forward,Forward,Reversible
CHLabc,Forward,Forward,Forward,Forward
ASPK,Reversible,Reversible,Reversible,Reversible
CHORM,Forward,Forward,Forward,Forward
CHORS,Forward,Forward,Forward,Forward
CITL,Forward,Forward,Forward,Forward
DB4PS,Forward,Forward,Forward,Forward
CMPN,Forward,Forward,Forward,Forward
CO2t,Reversible,Reversible,Reversible,Reversible
ASPT,Forward,Forward,Reversible,Forward
DCTPD,Forward,Forward,Forward,Reversible
ASPTA,Backward,Reversible,Reversible,Backward
DCYTD,Reversible,Forward,Reversible,Reversible
ASPabc,Backward,Forward,Reversible,Reversible
CS,Reversible,Forward,Reversible,Reversible
CSND,Reversible,Forward,Reversible,Forward
DDPA,Forward,Forward,Forward,Forward
DGK1,Reversible,Reversible,Reversible,Reversible
DHAD1,Forward,Forward,Forward,Forward
DHAD2,Forward,Forward,Forward,Forward
CTPS2,Forward,Forward,Forward,Reversible
DHAPT,Reversible,Forward,Reversible,Reversible
CYSS,Reversible,Forward,Reversible,Reversible
CYSTL,Forward,Forward,Forward,Forward
DHDPRy,Forward,Forward,Forward,Forward
CYTBD,Forward,Forward,Forward,Forward
AST,Reversible,Forward,Reversible,Reversible
CYTBO3,Reversible,Forward,Reversible,Reversible
CYTDK2,Reversible,Forward,Reversible,Reversible
DHDPS,Forward,Forward,Forward,Forward
DHFR,Forward,Reversible,Forward,Forward
DHORD2,Forward,Forward,Forward,Forward
CYTK1,Reversible,Reversible,Reversible,Reversible
CYTK2,Reversible,Reversible,Reversible,Reversible
DHORD5,Reversible,Forward,Reversible,Reversible
DHORTS,Backward,Reversible,Backward,Backward
ATPPRT,Forward,Forward,Forward,Forward
DAAD,Reversible,Forward,Reversible,Reversible
ATPS4r,Forward,Reversible,Forward,Forward
DADA,Reversible,Forward,Reversible,Reversible
DADK,Reversible,Reversible,Reversible,Reversible
DHPPDA2,Forward,Forward,Forward,Forward
BETALDHx,Reversible,Forward,Reversible,Reversible
BETALDHy,Reversible,Forward,Reversible,Reversible
DHQS,Forward,Forward,Forward,Forward
DAPDC,Forward,Forward,Forward,Forward
DKGLCNR1,Reversible,Forward,Reversible,Reversible
DAPE,Forward,Reversible,Forward,Forward
DKGLCNR2x,Reversible,Forward,Reversible,Reversible
DKGLCNR2y,Reversible,Forward,Reversible,Reversible
DKMPPD,Forward,Forward,Forward,Forward
DKMPPD2,Forward,Forward,Forward,Forward
BPNT,Forward,Forward,Forward,Forward
DMPPS,Blocked,Forward,Blocked,Blocked
EDD,Forward,Forward,Forward,Forward
BSORx,Reversible,Forward,Reversible,Reversible
EDTXS1,Forward,Forward,Forward,Forward
DMSOR1,Blocked,Forward,Blocked,Blocked
BSORy,Reversible,Forward,Reversible,Reversible
DMSOR1e,Blocked,Forward,Blocked,Blocked
EDTXS2,Forward,Forward,Forward,Forward
DMSOR2,Blocked,Forward,Blocked,Blocked
DMSOR2e,Blocked,Forward,Blocked,Blocked
ENO,Forward,Reversible,Reversible,Reversible
DNMPPA,Forward,Forward,Forward,Forward
DNTPPA,Forward,Forward,Forward,Forward
DPCOAK,Reversible,Forward,Reversible,Forward
DPR,Reversible,Forward,Reversible,Reversible
ETHAAL,Reversible,Forward,Reversible,Reversible
DRPA,Reversible,Forward,Reversible,Reversible
DTMPK,Reversible,Reversible,Reversible,Reversible
DURIK1,Reversible,Forward,Reversible,Reversible
DURIPP,Reversible,Reversible,Reversible,Reversible
DUTPDP,Reversible,Forward,Reversible,Reversible
EDA,Forward,Forward,Forward,Forward
FBP,Forward,Forward,Forward,Forward
FDH2,Forward,Forward,Forward,Forward
FDH3,Reversible,Forward,Reversible,Reversible
FMNAT,Forward,Forward,Forward,Forward
FORt,Reversible,Reversible,Reversible,Reversible
FRD2,Reversible,Forward,Reversible,Reversible
FRD3,Reversible,Forward,Reversible,Reversible
FRUK,Blocked,Forward,Blocked,Blocked
FRUpts,Blocked,Forward,Blocked,Blocked
FRUpts2,Blocked,Forward,Blocked,Blocked
FTHFD,Forward,Forward,Forward,Reversible
G1PACT,Forward,Forward,Forward,Forward
G1PP,Reversible,Forward,Reversible,Reversible
G3PD2,Reversible,Reversible,Reversible,Reversible
G3PD5,Forward,Forward,Forward,Forward
G3PD6,Reversible,Forward,Reversible,Reversible
G3PD7,Reversible,Forward,Reversible,Reversible
G5SADs,Reversible,Forward,Reversible,Reversible
G5SD,Reversible,Forward,Reversible,Reversible
G6PDA,Reversible,Forward,Reversible,Reversible
G6PDH2r,Forward,Reversible,Reversible,Reversible
GALabc,Forward,Forward,Forward,Reversible
GALt2,Backward,Forward,Backward,Reversible
GAPD,Reversible,Reversible,Reversible,Reversible
GARFT,Reversible,Reversible,Reversible,Reversible
GART,Reversible,Forward,Reversible,Reversible
GCALDD,Forward,Forward,Forward,Forward
GLCS1,Forward,Forward,Forward,Reversible
GF6PTA,Forward,Forward,Reversible,Reversible
GK1,Forward,Reversible,Reversible,Forward
GLCpts,Forward,Forward,Forward,Blocked
GLCDe,Forward,Forward,Forward,Blocked
GLCNt2r,Forward,Reversible,Forward,Blocked
GLCt2,Forward,Forward,Forward,Blocked
GLGC,Forward,Forward,Forward,Forward
GLNS,Forward,Forward,Forward,Forward
GLCP,Reversible,Forward,Reversible,Reversible
GLU5K,Reversible,Forward,Reversible,Reversible
GLUABUTt7,Reversible,Reversible,Reversible,Reversible
GUAD,Reversible,Forward,Reversible,Reversible
GUAPRT,Reversible,Forward,Reversible,Reversible
GLUDC,Reversible,Forward,Reversible,Reversible
GLUDy,Reversible,Reversible,Reversible,Reversible
GLUN,Forward,Forward,Reversible,Reversible
GLUPRT,Forward,Forward,Forward,Forward
GLUR,Backward,Reversible,Backward,Backward
GLUSy,Forward,Forward,Reversible,Reversible
GLUabc,Reversible,Forward,Reversible,Reversible
H2Ot,Reversible,Reversible,Reversible,Reversible
GLUt2r,Reversible,Reversible,Reversible,Reversible
GLUt4,Reversible,Forward,Reversible,Reversible
GLXCL,Forward,Forward,Forward,Forward
GLYBabc,Forward,Forward,Forward,Reversible
GLYBt2r,Backward,Reversible,Backward,Reversible
GLYC3Pabc,Forward,Forward,Forward,Forward
GLYC3Pt6,Backward,Forward,Backward,Backward
HEX1,Forward,Forward,Forward,Reversible
GLYCDx,Reversible,Forward,Reversible,Reversible
GLYCK,Forward,Forward,Forward,Forward
GLYCL,Reversible,Forward,Reversible,Reversible
GLYCLTDx,Reversible,Forward,Reversible,Reversible
HISTP,Forward,Forward,Forward,Forward
HISabc,Reversible,Forward,Reversible,Reversible
GLYCLTDy,Reversible,Forward,Reversible,Reversible
GLYCTO2,Forward,Forward,Forward,Forward
HISt2r,Reversible,Reversible,Reversible,Reversible
GLYCTO3,Reversible,Forward,Reversible,Reversible
GLYCTO4,Reversible,Forward,Reversible,Reversible
GLYK,Reversible,Forward,Reversible,Reversible
GLYOX,Reversible,Forward,Reversible,Reversible
HPPK2,Forward,Forward,Forward,Forward
GMHEPAT,Forward,Forward,Forward,Forward
GMHEPK,Forward,Forward,Forward,Forward
GMHEPPA,Forward,Forward,Forward,Forward
HPYRI,Reversible,Reversible,Reversible,Reversible
HPYRRx,Reversible,Forward,Reversible,Reversible
GMPR,Reversible,Forward,Reversible,Reversible
GMPS2,Reversible,Forward,Reversible,Reversible
HPYRRy,Reversible,Forward,Reversible,Reversible
HSDy,Reversible,Reversible,Reversible,Reversible
HSK,Reversible,Forward,Reversible,Reversible
HSST,Forward,Forward,Forward,Forward
GND,Reversible,Forward,Reversible,Reversible
GNK,Forward,Forward,Forward,Blocked
HSTPT,Forward,Forward,Forward,Forward
HXPRT,Reversible,Forward,Reversible,Reversible
GPDDA2,Reversible,Forward,Reversible,Reversible
GPDDA4,Reversible,Forward,Reversible,Reversible
HYD1,Forward,Forward,Forward,Forward
HYD2,Reversible,Forward,Reversible,Reversible
HYD3,Reversible,Forward,Reversible,Reversible
HYPOE,Forward,Forward,Forward,Forward
GSNK,Reversible,Forward,Reversible,Reversible
GSPMDA,Forward,Forward,Forward,Forward
ICDHyr,Reversible,Reversible,Reversible,Reversible
ICL,Reversible,Forward,Reversible,Reversible
GSPMDS,Forward,Forward,Forward,Forward
IDOND,Reversible,Reversible,Reversible,Reversible
IDOND2,Reversible,Forward,Reversible,Reversible
IG3PS,Forward,Forward,Forward,Forward
IGPDH,Forward,Forward,Forward,Forward
IGPS,Forward,Forward,Forward,Forward
GTPCII2,Forward,Forward,Reversible,Forward
ILETA,Backward,Reversible,Backward,Backward
ILEabc,Forward,Forward,Forward,Reversible
ILEt2r,Backward,Reversible,Backward,Backward
IMPC,Backward,Reversible,Backward,Backward
KAS14,Reversible,Forward,Reversible,Reversible
KAS15,Reversible,Forward,Reversible,Reversible
IMPD,Reversible,Forward,Reversible,Reversible
INSK,Reversible,Forward,Reversible,Reversible
KAS16,Forward,Forward,Forward,Forward
KDOCT2,Forward,Forward,Forward,Forward
KDOPP,Forward,Forward,Forward,Forward
KDOPS,Forward,Forward,Forward,Forward
Kabc,Reversible,Forward,Reversible,Reversible
IPDPS,Blocked,Forward,Blocked,Blocked
IPMD,Forward,Forward,Forward,Forward
IPPMIa,Backward,Reversible,Backward,Backward
IPPMIb,Backward,Reversible,Backward,Backward
IPPS,Forward,Forward,Forward,Forward
Kt2r,Reversible,Reversible,Reversible,Reversible
LEUTAi,Forward,Forward,Forward,Forward
LEUabc,Forward,Forward,Forward,Forward
METAT,Forward,Forward,Forward,Forward
LEUt2r,Backward,Reversible,Backward,Backward
LGTHL,Reversible,Forward,Reversible,Reversible
LPADSS,Forward,Forward,Forward,Forward
LPLIPA1,Reversible,Forward,Reversible,Reversible
MGSA,Reversible,Forward,Reversible,Reversible
LPLIPA2,Reversible,Forward,Reversible,Reversible
LPLIPA3,Reversible,Forward,Reversible,Reversible
LPLIPA4,Reversible,Forward,Reversible,Reversible
MLTG2,Reversible,Forward,Reversible,Reversible
LPLIPA5,Reversible,Forward,Reversible,Reversible
LPLIPA6,Reversible,Forward,Reversible,Reversible
MLTG3,Reversible,Forward,Reversible,Reversible
MLTG4,Reversible,Forward,Reversible,Reversible
MLTG5,Reversible,Forward,Reversible,Reversible
LYSabc,Forward,Forward,Reversible,Forward
MLTP1,Reversible,Reversible,Reversible,Reversible
MLTP2,Reversible,Reversible,Reversible,Reversible
MLTP3,Reversible,Reversible,Reversible,Reversible
LYSt2r,Backward,Reversible,Reversible,Backward
MMCD,Reversible,Forward,Reversible,Reversible
MME,Reversible,Reversible,Reversible,Reversible
MACPD,Reversible,Forward,Reversible,Reversible
MALS,Reversible,Forward,Reversible,Reversible
MMM2,Reversible,Forward,Reversible,Reversible
MOAT,Forward,Forward,Forward,Forward
MOAT2,Forward,Forward,Forward,Forward
MOHMT,Forward,Forward,Reversible,Forward
MTAN,Forward,Forward,Forward,Forward
MTRI,Forward,Reversible,Forward,Forward
MTRK,Forward,Forward,Forward,Forward
NACODA,Reversible,Forward,Reversible,Reversible
NADDP,Reversible,Forward,Reversible,Reversible
NADH10,Reversible,Forward,Reversible,Reversible
NADH5,Forward,Forward,Forward,Forward
MCITD,Reversible,Forward,Reversible,Reversible
MCITL2,Reversible,Reversible,Reversible,Reversible
MCITS,Reversible,Forward,Reversible,Reversible
MCOATA,Reversible,Reversible,Reversible,Reversible
MDH,Reversible,Reversible,Reversible,Reversible
NADH6,Forward,Forward,Forward,Forward
NADH7,Reversible,Forward,Reversible,Reversible
MDH2,Forward,Forward,Forward,Forward
NADH8,Reversible,Forward,Reversible,Reversible
NADH9,Reversible,Forward,Reversible,Reversible
NADK,Forward,Forward,Forward,Forward
MDH3,Reversible,Forward,Reversible,Reversible
MDRPD,Forward,Forward,Forward,Forward
ME1,Reversible,Forward,Reversible,Reversible
NADPPPS,Reversible,Forward,Reversible,Reversible
ME2,Reversible,Forward,Reversible,Reversible
NADS1,Reversible,Forward,Reversible,Reversible
NAMNPP,Reversible,Forward,Reversible,Reversible
NDPK1,Reversible,Reversible,Reversible,Reversible
NDPK2,Reversible,Reversible,Reversible,Reversible
NDPK3,Reversible,Reversible,Reversible,Reversible
NDPK4,Reversible,Reversible,Reversible,Reversible
NDPK5,Reversible,Reversible,Reversible,Reversible
NNDPR,Forward,Forward,Forward,Reversible
NO3R1,Backward,Forward,Backward,Backward
NDPK6,Reversible,Reversible,Reversible,Reversible
NDPK7,Reversible,Reversible,Reversible,Reversible
NDPK8,Reversible,Reversible,Reversible,Reversible
NO3R2,Forward,Forward,Forward,Forward
F6PA,Reversible,Reversible,Reversible,Reversible
NMNAT,Reversible,Forward,Reversible,Reversible
NMNDA,Reversible,Forward,Reversible,Reversible
FAO1,Reversible,Forward,Reversible,Reversible
NMNN,Reversible,Forward,Reversible,Forward
NMNP,Reversible,Forward,Reversible,Reversible
NMNt7,Reversible,Forward,Reversible,Reversible
NTD1,Reversible,Forward,Reversible,Reversible
NTD10,Reversible,Forward,Reversible,Reversible
NTD11,Reversible,Forward,Reversible,Reversible
NTD2,Reversible,Forward,Reversible,Reversible
NTD3,Reversible,Forward,Reversible,Reversible
NNAM,Reversible,Forward,Reversible,Reversible
FAO2,Reversible,Forward,Reversible,Reversible
NTD4,Forward,Forward,Reversible,Reversible
NTD5,Forward,Forward,Forward,Reversible
NTD6,Reversible,Forward,Reversible,Reversible
PFL,Reversible,Forward,Reversible,Reversible
PGAMT,Backward,Reversible,Backward,Backward
PGCD,Reversible,Forward,Reversible,Reversible
NTD7,Reversible,Forward,Reversible,Reversible
NTD8,Reversible,Forward,Reversible,Reversible
FBA,Reversible,Reversible,Reversible,Reversible
NTD9,Reversible,Forward,Reversible,Reversible
NTPP1,Reversible,Forward,Reversible,Reversible
PGI,Reversible,Reversible,Reversible,Reversible
PUNP2,Reversible,Reversible,Reversible,Reversible
PGK,Reversible,Reversible,Reversible,Reversible
PGL,Forward,Forward,Reversible,Reversible
PGM,Backward,Reversible,Reversible,Reversible
PGMT,Reversible,Reversible,Reversible,Reversible
NTPP2,Reversible,Forward,Reversible,Reversible
NTPP3,Reversible,Forward,Reversible,Reversible
NTPP4,Reversible,Forward,Reversible,Reversible
NTPP5,Reversible,Forward,Reversible,Reversible
NTPP6,Reversible,Forward,Reversible,Reversible
NTPP7,Reversible,Forward,Reversible,Reversible
NTPP8,Reversible,Forward,Reversible,Reversible
NTPTP1,Reversible,Forward,Reversible,Reversible
NTPTP2,Reversible,Forward,Reversible,Reversible
PUNP3,Reversible,Reversible,Reversible,Reversible
PHETA1,Backward,Reversible,Backward,Backward
PUNP4,Reversible,Reversible,Reversible,Reversible
O2t,Forward,Reversible,Forward,Forward
PUNP5,Reversible,Reversible,Reversible,Reversible
OBTFL,Reversible,Forward,Reversible,Reversible
OCBT,Reversible,Reversible,Reversible,Reversible
PIabc,Forward,Forward,Forward,Forward
PUNP6,Reversible,Reversible,Reversible,Reversible
PIt2r,Forward,Reversible,Forward,Forward
PUNP7,Reversible,Reversible,Reversible,Reversible
PLIPA1,Reversible,Forward,Reversible,Reversible
PLIPA2,Reversible,Forward,Reversible,Reversible
PYAM5PO,Forward,Forward,Forward,Reversible
PMDPHT,Forward,Forward,Forward,Forward
PYDAMK,Forward,Forward,Forward,Reversible
PNTK,Forward,Forward,Reversible,Forward
OMCDC,Forward,Forward,Forward,Forward
PYDXK,Forward,Forward,Forward,Forward
POX,Forward,Forward,Reversible,Reversible
OMPDC,Forward,Forward,Forward,Forward
PPAKr,Reversible,Reversible,Reversible,Reversible
PYDXNK,Forward,Forward,Forward,Forward
ORNDC,Reversible,Forward,Reversible,Reversible
ORNTA,Reversible,Forward,Reversible,Reversible
PPC,Forward,Forward,Forward,Forward
PPCDC,Forward,Forward,Forward,Forward
PPCK,Forward,Forward,Reversible,Reversible
PPCSCT,Reversible,Forward,Reversible,Reversible
ORNabc,Forward,Forward,Forward,Forward
PPM,Reversible,Reversible,Reversible,Reversible
ORPT,Backward,Reversible,Backward,Backward
PYDXPP,Forward,Forward,Forward,Forward
PPM2,Reversible,Reversible,Reversible,Reversible
PPNCL2,Forward,Forward,Forward,Forward
P5CD,Reversible,Forward,Reversible,Reversible
PYK,Reversible,Forward,Reversible,Forward
P5CR,Reversible,Forward,Reversible,Reversible
PPND,Forward,Forward,Forward,Forward
PPNDH,Forward,Forward,Forward,Forward
PANTS,Forward,Forward,Reversible,Forward
PYNP2r,Reversible,Reversible,Reversible,Reversible
PAPPT3,Forward,Forward,Forward,Forward
PPS,Reversible,Forward,Reversible,Reversible
PAPSR,Forward,Forward,Forward,Forward
PPTGS,Forward,Forward,Forward,Forward
PRAGSr,Forward,Reversible,Forward,Forward
PRAIS,Forward,Forward,Forward,Forward
PRAIi,Forward,Forward,Forward,Forward
PRAMPC,Forward,Forward,Forward,Forward
PDH,Reversible,Forward,Reversible,Reversible
PDXPP,Forward,Forward,Forward,Forward
PRATPP,Forward,Forward,Forward,Forward
PRFGS,Forward,Forward,Forward,Forward
PROD2,Reversible,Forward,Reversible,Reversible
PROabc,Reversible,Forward,Reversible,Reversible
RBFK,Forward,Forward,Forward,Forward
PFK,Forward,Forward,Reversible,Reversible
PROt2r,Reversible,Reversible,Reversible,Reversible
PROt4,Reversible,Forward,Reversible,Reversible
PRPPS,Reversible,Reversible,Reversible,Reversible
PSCVT,Forward,Reversible,Forward,Forward
RBFSa,Forward,Forward,Forward,Forward
PUNP1,Reversible,Reversible,Reversible,Reversible
PSERT,Reversible,Forward,Reversible,Reversible
RBFSb,Forward,Forward,Forward,Forward
SPMS,Forward,Forward,Forward,Forward
PTA2,Reversible,Forward,Reversible,Reversible
PTAr,Reversible,Reversible,Reversible,Reversible
SSALx,Reversible,Forward,Reversible,Reversible
PTPATi,Forward,Forward,Reversible,Forward
PTRCORNt7,Reversible,Reversible,Reversible,Reversible
PTRCTA,Reversible,Forward,Reversible,Reversible
PTRCabc,Forward,Forward,Forward,Forward
SSALy,Reversible,Forward,Reversible,Reversible
SUCCabc,Backward,Forward,Reversible,Backward
TREpts,Forward,Forward,Forward,Blocked
TRPAS2,Reversible,Reversible,Reversible,Reversible
TRPS1,Forward,Forward,Forward,Reversible
TRPS2,Forward,Forward,Forward,Forward
TRPS3,Reversible,Forward,Reversible,Reversible
SUCFUMt,Backward,Reversible,Reversible,Backward
SUCOAS,Reversible,Reversible,Reversible,Reversible
RNDR1,Reversible,Forward,Reversible,Reversible
SULR,Backward,Reversible,Backward,Backward
SULabc,Forward,Forward,Forward,Forward
TALA,Reversible,Reversible,Reversible,Reversible
TYRTA,Backward,Reversible,Backward,Backward
RNDR2,Reversible,Forward,Reversible,Reversible
U23GAAT,Forward,Forward,Forward,Forward
UAAGDS,Forward,Forward,Forward,Forward
RNDR3,Reversible,Forward,Reversible,Reversible
UAGAAT,Forward,Reversible,Forward,Forward
RNDR4,Reversible,Forward,Reversible,Reversible
UAGCVT,Forward,Forward,Forward,Forward
UAGDP,Forward,Forward,Forward,Forward
TDSK,Forward,Forward,Forward,Forward
UAGPT3,Forward,Forward,Forward,Forward
RNTR1,Forward,Forward,Reversible,Reversible
THD2,Reversible,Forward,Reversible,Reversible
THDPS,Forward,Forward,Forward,Forward
UAMAGS,Forward,Forward,Forward,Forward
UAMAS,Forward,Forward,Forward,Forward
UAPGR,Forward,Forward,Forward,Forward
UDCPDP,Forward,Forward,Forward,Forward
RNTR2,Reversible,Forward,Reversible,Reversible
THRD,Reversible,Forward,Reversible,Reversible
RNTR3,Reversible,Forward,Reversible,Reversible
UGMDDS,Forward,Forward,Forward,Forward
UHGADA,Forward,Forward,Forward,Forward
THRS,Reversible,Forward,Reversible,Reversible
THRabc,Reversible,Forward,Reversible,Reversible
THRt2r,Reversible,Reversible,Reversible,Reversible
UMPK,Reversible,Reversible,Reversible,Reversible
RNTR4,Reversible,Forward,Reversible,Reversible
UNK3,Forward,Forward,Forward,Forward
THRt4,Reversible,Forward,Reversible,Reversible
RPE,Reversible,Reversible,Reversible,Reversible
TKT1,Reversible,Reversible,Reversible,Reversible
TKT2,Reversible,Reversible,Reversible,Reversible
TMAOR1,Blocked,Forward,Blocked,Blocked
TMAOR1e,Blocked,Forward,Blocked,Blocked
UPPRT,Reversible,Forward,Reversible,Reversible
TMAOR2,Blocked,Forward,Blocked,Blocked
RPI,Reversible,Reversible,Reversible,Reversible
TMAOR2e,Blocked,Forward,Blocked,Blocked
TMDK1,Forward,Forward,Forward,Reversible
URIDK2r,Reversible,Reversible,Reversible,Reversible
URIK2,Reversible,Forward,Reversible,Reversible
TMDS,Forward,Forward,Forward,Forward
S7PI,Forward,Forward,Forward,Forward
USHD,Forward,Forward,Forward,Forward
VALTA,Reversible,Reversible,Reversible,Reversible
SADH,Reversible,Forward,Reversible,Reversible
VALabc,Forward,Forward,Forward,Reversible
VALt2r,Backward,Reversible,Backward,Reversible
TPI,Reversible,Reversible,Reversible,Reversible
TRDR,Reversible,Forward,Reversible,Reversible
TRE6PH,Reversible,Forward,Reversible,Reversible
SADT2,Forward,Forward,Forward,Forward
TRE6PP,Forward,Forward,Forward,Forward
TRE6PS,Reversible,Forward,Reversible,Forward
TREH,Forward,Forward,Forward,Reversible
TREHe,Backward,Forward,Backward,Blocked
XPPT,Reversible,Forward,Reversible,Reversible
XYLabc,Reversible,Forward,Reversible,Reversible
XYLt2,Reversible,Forward,Reversible,Reversible
SDPDS,Forward,Forward,Forward,Forward
SDPTA,Backward,Reversible,Backward,Backward
SERAT,Reversible,Reversible,Reversible,Reversible
SERt2r,Reversible,Reversible,Reversible,Reversible
SERt4,Reversible,Forward,Reversible,Reversible
SGDS,Reversible,Forward,Reversible,Reversible
SGSAD,Reversible,Forward,Reversible,Reversible
SHK3Dr,Forward,Reversible,Forward,Forward
SHKK,Forward,Forward,Forward,Forward
SHSL1,Forward,Forward,Forward,Forward
SOTA,Reversible,Forward,Reversible,Reversible
