rxn,lb,ub
2DGLCNRx,-100.0,100.0
2DGLCNRy,-100.0,100.0
2DGULRx,-100.0,100.0
2DGULRy,-100.0,100.0
A5PISO,0.0281752540556174,0.0294789519508729
AACPS1,-99.99073034141564,100.0
AACPS2,-10.0,9.990493037995918
AACPS3,-99.93457706008262,100.0
AACPS4,-14.0,13.986690253194288
AACPS5,-100.0,99.90493037995918
ABTA,-0.0294789519508071,99.3170608535056
ABUTD,-100.0,99.97052104804936
ACALDi,-100.0,100.0
ACCOACr,-91.88836946219683,100.0
ACCOAL,-100.0,100.0
ACGK,0.0,91.03359248599904
ACGS,0.0,93.12600376038236
ACHBS,0.1851516695099349,0.193718827105306
ACKr,-99.9801770454643,100.0
ACLS,0.5568362668180667,0.5826016518411882
ACOATA,-100.0,100.0
ACODA,0.0,91.01866963697826
ACONT,-18.70273794424752,91.0773077758658
ACOTA,-100.0,0.0
ACS,-12.830028728162077,90.97266835379652
ADA,0.0,98.16010233551494
ADCL,0.0335419691141272,0.0350939904176202
ADCS,0.0335419691141254,0.0350939904176281
ADD,0.0,98.16010627263177
ADK1,-100.0,100.0
ADK3,-100.0,100.0
ADMDCr,0.0046958756759778,0.0049131586584678
ADNK1,-100.0,99.48741023203384
ADPT,-100.0,100.0
ADSK,0.1563451555953875,0.1635794062547996
ADSL1r,0.1871635545729475,98.36383554752832
ADSL2r,0.3301260975756861,0.3454013706084993
ADSS,0.2037332873152877,91.67303045648757
AGMHE,0.0169051524335039,0.0176873711704801
AGPR,-92.87287362469576,0.0
AICART,0.3905016419811034,0.4085705533601924
AIRC2,0.3301261353311844,0.3454013706085419
AIRC3,-0.3454013706084424,-0.3301260975757856
ALAALAr,0.0185151669510514,0.0193718827104873
ALAR,-99.962969666098,100.0
ALATAD2,-100.0,99.96296966609822
ALATAL,-100.0,99.61708488059332
ALATAL2,-99.962969666098,100.0
ALDD2x,0.0,92.01300226760304
AMALT1,-91.27151431849798,91.7138899282005
AMALT2,-91.5181111186358,91.28909778436196
AMALT3,-91.1350124924669,91.056563681878
AMALT4,-94.04713142209653,97.68881124007072
AMPN,-100.0,100.0
ANPRT,0.0362253266432574,0.0379015096510383
ANS,0.0362253266432574,0.0379015096510298
APRAUR,6.708393822825448e-06,7.018798083524042e-06
ARGSL,-99.80277177385406,100.0
ARGSS,-99.80277177385406,100.0
ASAD,-100.0,99.64934084774907
ASNN,-100.0,100.0
ASNS1,0.0,90.92009857426548
ASNS2,-99.84637778145776,100.0
ASP1DC,3.957952355460037e-05,4.141090869280717e-05
ASPCT,0.4732656874177223,0.5765682096593707
ASPK,-99.64934084774907,100.0
ASPO3,-46.98451222616771,47.1714979074373
ASPO4,-100.0,100.0
ASPO5,-100.0,100.0
ASPO6,0.0,46.633443268271776
ASPT,0.0,97.98793850186254
ASPTA,-100.0,-1.823327931742991
AST,-100.0,99.80277177385406
ATPHYD,3.15,99.95961163708267
ATPPRT,0.060375544405403,0.0631691827517413
BETALDHx,-100.0,100.0
BETALDHy,-100.0,100.0
BPNT,0.1563451555953876,0.1635794062548029
BSORx,-100.0,100.0
BSORy,-100.0,100.0
C120SN,0.0281752540557942,0.0294789519508871
C140SN,-99.9907303414156,100.0
C141SN,0.0090865194330174,0.0095069620041314
C160SN,-99.9345770600822,100.0
C161SN,0.0127211272062233,0.0133097468057865
C181SN,0.0908651943301777,0.095069620041329
CAT,0.0,23.49317143310109
CBMK,-100.0,100.0
CBPS,0.0,100.0
CDAPPAEC,-100.0,100.0
CHORM,0.2059476903616648,0.2154771011630885
CHORS,0.2757149861181259,0.2884726012328381
CITL,0.0,99.91473253618904
CLPNSEC,0.0043269140157135,0.0045271247638777
CMPN,0.0,99.79807734593317
CS,-20.11753542959451,100.0
CSND,-100.0,100.0
CTPS2,0.0,99.0418951191152
CYSS,-99.8364205937461,100.0
CYSTL,0.0979425498132258,0.1024744520195071
cytd,0.0,99.79807734593314
CYTDK2,-99.76446829288084,99.93004350794756
CYTK1,-100.0,100.0
CYTK2,-100.0,100.0
DAAD,-100.0,100.0
DADA,-0.0173364312663011,98.16010229775908
DADK,-100.0,100.0
DAGKEC,0.0,100.0
DAPDC,0.2186936386251119,0.228812817521657
DAPE,0.2372088055751078,0.248184700233466
DASYNEC,-100.0,100.0
DB4PS,1.3416787645650896e-05,1.4037596167270137e-05
DCTPD,0.0,99.57653243918318
DCYTD,-100.0,100.0
DDPA,0.2757149861179613,0.2884726012328382
DGK1,-100.0,100.0
DHAD1,0.5568362668180667,0.5826016518411882
DHAD2,0.1851516695108301,0.1937188271042345
DHAPT,-100.0,100.0
DHDPRy,0.2372088055751078,0.2481847002334101
DHDPS,0.2372088055751078,0.2481847002334101
DHFR,0.050111701856506,0.0524304216839245
DHFS,0.0335419691141254,0.0350939904176202
DHNPA2,0.0335419691141272,0.0350939904176202
DHORD2,0.0,47.17149711454777
DHORD5,-46.69823289141144,0.573380868208389
DHORTS,-0.5765682096593565,-0.4732656874177081
DHPPDA2,6.708393822825448e-06,7.018798083735511e-06
DHPS2,0.0335419691141254,0.0350939904176202
DHQD,0.2757149861180181,0.2884726012328381
DHQS,0.2757149861180181,0.2884726012328381
DKGLCNR1,-100.0,100.0
DKGLCNR2x,-100.0,100.0
DKGLCNR2y,-100.0,100.0
DKMPPD,0.0,0.0049131586584668
DKMPPD2,0.0,0.0049131586584668
DMPPS,0.0,0.0
DMSOR1,0.0,0.0
DMSOR2,0.0,0.0
DNMPPA,0.0335419691141254,0.0350911883167721
DNTPPA,0.0335419691141272,0.0350939904176202
DPCOAK,-4.141090869280717e-05,4.141090869280717e-05
DPR,-4.141090869280717e-05,4.141090869280717e-05
DRPA,-100.0,99.7660922369496
DTMPK,-99.9826635687338,100.0
DURIK1,-99.76446829288192,100.0
DURIPP,-100.0,99.21762145754934
DUTPDP,-100.0,100.0
EDA,0.0,100.0
EDD,0.0,100.0
EDTXS1,0.0056350508111679,0.0058957903901598
EDTXS2,0.0056350508111679,0.0058957903901598
ENO,0.0,100.0
ETHAAL,-100.0,99.59198945014178
F6PA,-100.0,100.0
FAO1,-100.0,99.9907303414156
FAO2,-100.0,99.933816555843
FBA,-100.0,100.0
FBP,0.0,99.95187318593752
FMNAT,6.708393822819045e-06,7.01879808374609e-06
FRD2,-100.0,100.0
FRD3,-100.0,100.0
FRUK,0.0,0.0
FTHFD,0.0,100.0
fum,-92.75497643718955,100.0
G1PACT,0.0483004355241751,0.0505353462014372
G1PP,-91.43501576180232,91.06344965783428
G3PD2,-100.0,100.0
G3PD5,0.0,47.17150363908666
G3PD6,-100.0,100.0
G3PD7,-100.0,100.0
G5SADs,-99.85260524024682,100.0
G5SD,-91.4874751876106,91.0569560837803
G6PDA,-0.0505353462013857,93.13439410529136
G6PDH2r,0.0,100.0
GALU,-6.061145154614707,99.91638445154156
GAPD,-92.1661990689631,100.0
GARFT,-94.48371940980202,99.60949832026348
GART,-99.26122337757955,100.0
GCALDD,0.0335419691141254,0.0350939904176202
GF6PTA,0.0,91.32744598923452
GHMT2,-100.0,100.0
GK1,0.1697290721113091,100.0
GLCP,-0.1080894904857956,24.89669073512809
GLCS1,0.0,25.0
GLGC,0.0,99.91750297274837
GLNS,0.9581040214656156,100.0
GLU5K,-92.43065867615984,92.04572024105045
GLUDC,-100.0,100.0
GLUDy,-100.0,100.0
GLUN,0.0,93.45738528147362
GLUPRT,0.3301260975756719,0.3454013706084993
GLUR,-0.0193718827104873,-0.018515166951019
GLUSy,0.0,91.06498850491394
GLXCL,0.0,90.9873344659595
GLYATi,-93.1154719550519,97.11301509088348
GLYCDx,-100.0,99.88924441798528
GLYCK,0.0,92.87443242975776
GLYCL,-99.73814692106166,94.1956375452264
GLYCLTDx,-100.0,100.0
GLYCLTDy,-100.0,100.0
GLYCTO2,0.0,47.17149799595376
GLYCTO3,-100.0,100.0
GLYCTO4,-100.0,100.0
GLYK,-100.0,100.0
GLYOX,-100.0,100.0
GMHEPAT,0.0169051524335039,0.0176873711704801
GMHEPK,0.0169051524335039,0.0176873711704801
GMHEPPA,0.0169051524335039,0.0176873711704801
GMPR,-100.0,99.8132316075787
GMPS2,-99.8132316075789,100.0
GND,-100.0,100.0
GNK,0.0,9.531228098868617
GPDDA2,-100.0,99.38598014595055
GPDDA4,-99.68285464538904,99.97466213891862
GSNK,-100.0,99.9306854449759
GSPMDA,0.0,100.0
GSPMDS,0.0,100.0
GTPCI,0.0335419691141254,0.0350939904176201
GTPCII2,6.708393822825448e-06,7.018798083524042e-06
GUAD,-100.0,100.0
GUAPRT,-100.0,100.0
HEX1,0.0,100.0
histd,0.0603755444056872,0.0631691827513947
HISTP,0.0603755444056872,0.0631691827513947
HPPK2,0.0335419691141254,0.0350939904176202
HPYRI,-100.0,100.0
HPYRRx,-100.0,100.0
HPYRRy,-100.0,100.0
HSDy,-99.75181529976796,99.89752554798112
HSK,-100.0,99.64934084774907
HSST,0.0979425498132258,0.1024744520195071
HSTPT,0.0603755444053462,0.063169182751821
HXPRT,-99.99530412432402,100.0
HYPOE,0.0,100.0
ICDHyr,-99.25496578203771,100.0
ICL,-100.0,100.0
IDOND,-100.0,100.0
IDOND2,-99.15964242841792,100.0
IG3PS,0.060375544405403,0.0631691827517413
IGPDH,0.060375544405403,0.0631691827517413
IGPS,0.0362253266432617,0.0379014677350054
ILETA,-0.1935480038143643,-0.1851516695108301
IMPC,-0.4085705533602919,-0.3905016419811034
IMPD,-99.81323160757871,100.0
INSK,-100.0,100.0
IPDDIi,0.0,0.0
IPDPS,0.0,0.0
IPMD,0.2871192556169291,0.3004045579748289
IPPMIa,-0.3004045579748289,-0.2871192556169291
IPPMIb,-0.3004045579748289,-0.2871192556169291
IPPS,0.2871192556169291,0.3004045579748289
KARA1i,0.5568362668180667,0.5824226630270382
KARA2i,0.1851516695099349,0.193718827105306
KAS14,-99.85351685416369,100.0
KAS15,-99.999,100.0
KAS16,0.0225402032446719,0.0235831615606407
KDOCT2,0.0281752540556174,0.0294789519508729
KDOPP,0.0281752540556174,0.0294789519508729
KDOPS,0.0281752540556174,0.0294789519508729
LDHD,-100.0,100.0
LDHD2,0.0,47.17149654820856
LEUTAi,0.2871192556182649,0.3004045579732093
LGTHL,-100.0,100.0
L-LACD2,0.0,47.17150021102847
L-LACD3,-47.17150355388362,0.0
LPADSS,0.0056350508111679,0.0058957903901598
LPLIPA1,-100.0,99.9995574379276
LPLIPA2,-99.99962114665118,100.0
LPLIPA3,-100.0,100.0
LPLIPA4,-99.99901789575394,99.99957596216323
LPLIPA5,-99.99958320662616,99.99950000034738
LPLIPA6,-100.0,100.0
LPSSYNEC,0.0056350508111679,0.0058913155018114
MACPD,-100.0,100.0
MALS,-100.0,100.0
MCITD,-0.1937188271052576,100.0
MCITL2,-0.193718828170887,100.0
MCITS,-0.1937188271052576,100.0
MCOATA,-91.88836960725465,100.0
MDH,-100.0,100.0
MDH2,0.0,47.17149734108053
MDH3,-100.0,100.0
MDRPD,0.0046958756759778,0.0049131586584678
ME1,-100.0,100.0
ME2,-100.0,100.0
METAT,0.0046958756759778,0.0049131586584678
METS,0.0979425498132258,0.1024744520195071
MGSA,-100.0,100.0
MICITD,-0.193718828170887,100.0
MLTG2,-98.96141093784703,91.29120444896496
MLTG3,-91.50859311489948,92.7820714248644
MLTG4,-99.53509420129234,91.02408936313344
MLTG5,-98.802405361789,92.16633626874147
MLTP1,-93.99446089866628,93.82132096881791
MLTP2,-91.1065512731048,91.0319853581928
MLTP3,-93.10799050059,95.30505505914108
MMCD,-93.93301741988448,100.0
MME,-99.2776367989617,97.74618880013536
MMM2,-99.31117873032052,100.0
MOAT,0.0056350508111679,0.0058957903901598
MOAT2,0.0056350508111679,0.0058957903901598
MOHMT,3.957952355470525e-05,4.141090869280717e-05
MTAN,0.0046958756759778,0.0049131586584678
MTHFC,-99.09738414635646,99.96092137679544
MTHFD,-98.88291245877954,100.0
MTHFR2,0.1314845189272802,0.1375684424371996
MTRI,0.0046958756759778,0.0049131586584678
MTRK,0.0046958756759778,0.0049131586584678
NACODA,-100.0,100.0
NADDP,-100.0,100.0
NADH10,-100.0,100.0
NADH5,0.0,47.17149978293192
NADH9,-100.0,100.0
NADK,0.0,100.0
NADPPPS,-0.0003720358009218,99.99964441737184
NADS1,-100.0,100.0
NAMNPP,-0.0019161713792925,99.99864343712292
NDPK1,-100.0,100.0
NDPK2,-100.0,100.0
NDPK3,-100.0,100.0
NDPK4,-99.9826635687338,100.0
NDPK5,-100.0,100.0
NDPK6,-93.95797688862784,90.91463246723868
NDPK7,-99.68065736493006,99.70896692981717
NDPK8,-100.0,100.0
NMNAT,-100.0,100.0
NMNDA,-100.0,100.0
NMNN,-0.0019161713792925,100.0
NNAM,-100.0,100.0
NNAT,-100.0,100.0
NNDPR,0.0018313915136315,0.0019161318768028
NTD1,-99.28443535872434,100.0
NTD10,-100.0,100.0
NTD11,-98.16010233551454,100.0
NTD2,-100.0,100.0
NTD3,-100.0,100.0
NTD4,0.0,100.0
NTD5,0.0,100.0
NTD6,-0.0173364312663153,99.23191684441548
NTD7,-11.860205842694668,100.0
NTD8,-0.0178277471321592,99.8132316075789
NTD9,-100.0,100.0
NTPP1,-100.0,100.0
NTPP2,-100.0,100.0
NTPP3,-100.0,100.0
NTPP4,-100.0,100.0
NTPP5,-100.0,100.0
NTPP6,-100.0,100.0
NTPP7,-100.0,99.9826635687338
NTPP8,-100.0,100.0
NTPTP1,-99.065567598359,99.06486072185992
NTPTP2,-100.0,100.0
OBTFL,-96.0158901917383,99.27763672345036
OCBT,-99.80277177385406,100.0
OMCDC,0.2871192556182649,0.3004045579732093
OMPDC,0.2113814893572367,0.2211623276118359
ORNDC,-99.97052104804936,100.0
ORNTA,-100.0,100.0
ORPT,-0.2211623276118217,-0.2113814893572225
P5CD,-100.0,99.85260524024682
P5CR,-99.85912372972008,100.0
PANTS,3.957952355471139e-05,4.141090869280717e-05
PAPAEC,-0.0117915807803257,99.98872989837788
PAPPT3,0.0185151669510514,0.019371882710454
PAPSR,0.1563451555954062,0.1635794062548029
PASYNEC,-99.90493037995918,100.0
PDH,-100.0,100.0
PDXPP,0.0,90.91593954451848
PEPTEC,0.0112701016223359,0.0117915807803197
PFK,0.0,100.0
PFL,-100.0,99.94321856479657
PGAMT,-0.0505353462014372,-0.0483004355241751
PGCD,-100.0,100.0
PGI,-91.32948970021556,11.722335869513486
PGK,-100.0,92.16619906896165
PGL,0.0,100.0
PGM,-100.0,0.0
PGMT,-93.04892178088484,5.647908095130802
PGPPEC,-99.23731075492584,100.0
PGSAEC,-99.64990518262508,100.0
PHETA1,-0.1235308462693716,-0.1180677312822595
PLIPA1,-100.0,99.97466213891862
PLIPA2,-100.0,99.91847666026032
PMDPHT,6.708393822825448e-06,7.018798083524042e-06
PNTK,3.957952355469897e-05,4.141090869280717e-05
POX,0.0,43.72603285517195
ppa,-100.0,100.0
PPAKr,-100.0,100.0
PPC,0.0,100.0
PPCDC,3.957952355471139e-05,4.141090869280717e-05
PPCK,0.0,100.0
PPCSCT,-100.0,100.0
PPM,-92.27363045306323,92.41062021049396
PPM2,-100.0,99.7660922369496
PPNCL2,3.9579523554698966e-05,4.141090869280717e-05
PPND,0.0878799590794052,0.0919414110713378
PPNDH,0.1180677312822595,0.1235308462693716
PPS,-100.0,100.0
PPTGS,0.0185151669510514,0.019371882710454
PRAGSr,0.3301260975756719,0.345401370608414
PRAIi,0.0362253266432617,0.0379015096510298
PRAIS,0.3301260975756861,0.3454013706085135
PRAMPC,0.060375544405403,0.0631691827517413
PRASCS,0.3301260975756861,0.3454013706084566
PRATPP,0.060375544405403,0.0631691827517413
PRFGS,0.3301260975756577,0.3454013706084993
PRMICIi,0.060375544405403,0.0631691827517413
PROD2,-100.0,99.85912372972008
PRPPS,-91.98068782673585,91.9153911168482
PSCVT,0.2757149861181259,0.2876281695467882
PSDEC,-99.92030154776202,99.99817511249827
PSERT,-100.0,100.0
PSPL,-100.0,100.0
PSSAEC,-99.91847666026032,99.99687876208505
PTA2,-100.0,100.0
PTAr,-99.0270917434598,100.0
PTPATi,3.957952355467496e-05,4.141090869280717e-05
PTRCTA,-100.0,99.97052104804936
PUNP1,-100.0,100.0
PUNP2,-90.8480680539168,98.93858439618596
PUNP3,-100.0,100.0
PUNP4,-99.88386997307563,99.98296068902177
PUNP5,-99.01848891592604,100.0
PUNP6,-0.0173244454873611,98.0979601877794
PUNP7,-100.0,100.0
PYAM5PO,0.0,46.98451196555207
PYDAMK,0.0,100.0
PYDXK,0.0,100.0
PYDXNK,0.0,100.0
PYDXPP,0.0,100.0
PYK,-100.0,100.0
PYNP2r,-100.0,100.0
QULNS,0.0018313915136317,0.0019161318768019
RBFK,6.708393822825448e-06,7.009831183777808e-06
RBFSa,1.3416787645650896e-05,1.4037596167270137e-05
RBFSb,6.708393822808468e-06,7.01879808374609e-06
RNDR1,-100.0,99.09544718812651
RNDR2,-99.01655136482631,100.0
RNDR3,-100.0,100.0
RNDR4,-100.0,100.0
RNTR1,0.0,100.0
RNTR2,-100.0,100.0
RNTR3,-100.0,100.0
RNTR4,-93.64074063010062,96.58942625072586
RPE,-100.0,100.0
RPI,-100.0,99.45813521827851
S7PI,0.0169051524335039,0.0176873711704801
SADH,-100.0,99.80277177385406
SADT2,0.1563451555953975,0.1635794062548029
SDPDS,0.2372088055751078,0.248184700233466
SDPTA,-0.248184700233466,-0.2372088055751078
SERAT,-99.8364205937461,100.0
SERDL,0.0,99.4411009020821
SGDS,-100.0,99.80277177385406
SGSAD,-100.0,99.80277177385406
SHK3Dr,0.2757149861181258,0.2884726012328381
SHKK,0.2757149861181259,0.2884726012328381
SHSL1,0.0979425498132258,0.1024375479794266
SOTA,-100.0,99.80277177385406
SPMS,0.0046958756759778,0.0049131586584678
SSALx,-100.0,100.0
SSALy,-100.0,99.7170689582786
SUCD,-46.64936008152763,46.98451143691568
SUCOAS,-96.9262946304326,100.0
SULR,-0.1635794062548029,-0.1563451555953875
TALA,-49.86460738496957,50.13539261503042
TDSK,0.0056350508111679,0.0058957903901598
TESTAKGDH,-100.0,99.25496578203754
TESTNADTRHD,-100.0,100.0
THDPS,0.2372088055751078,0.2481847002334101
THRAr,-99.62446068409044,91.57293332168447
THRD,-100.0,99.11007704624126
THRDL,-96.91838586879447,99.46278846992814
THRS,-100.0,99.64934084774907
TKT1,-49.84692001379919,50.15307998620081
TKT2,-50.15307998620081,49.84692001379919
TMAOR1,0.0,0.0
TMAOR2,0.0,0.0
TMDK1,0.0,100.0
TMDS,0.0165697327423783,0.0173364312663064
TPI,-100.0,92.16619906896256
TRDR,-99.76609223694962,100.0
TRE6PH,-91.06449320954206,91.30045003320862
TRE6PP,0.0,94.61744645699132
TRE6PS,-6.074427774383764,99.72867297428115
TREH,0.0,93.8285817482142
TREHe,-6.074427774383764,0.0
TRPAS1,-100.0,99.83642059374614
TRPAS2,-0.0379015096510357,100.0
TRPS1,0.0,100.0
TRPS2,0.0,99.99212896028725
TRPS3,-99.96209849034918,0.0379015096510357
TRSAR,-100.0,100.0
TYRTA,-0.0919462548936849,-0.0878799590794052
U23GAAT,0.0112701016223359,0.0117915807803203
UAAGDS,0.0185151669510514,0.019371882710454
UAGAAT,0.0112701016223359,0.0117915807803203
UAGCVT,0.018515166951019,0.0193718827104873
UAGDP,0.0483004355241751,0.0505353462014372
UAGPT3,0.0185151669510514,0.019371882710454
UAMAGS,0.0185151669510514,0.0193718827104873
UAMAS,0.018515166951019,0.0193718827104873
UAPGR,0.018515166951019,0.0193718827104873
UDCPDP,0.0185151669510514,0.019371882710454
UGMDDS,0.0185151669510514,0.019371882710454
UHGADA,0.0112701016223359,0.0117915807803203
UMPK,-98.7783302193395,100.0
UNK3,0.0046958756759778,0.0049131586584678
UPPRT,-99.99412411785056,100.0
URIDK2r,-99.781038025623,93.18022849381276
URIK2,-99.37662980773676,100.0
USHD,0.0056350508111679,0.0058957903901598
VALTA,-100.0,99.34740744891604
VPAMT,-99.73032256832118,99.61708488059313
XPPT,-100.0,100.0
biomass,0.6708393822857204,0.7018798083485507
EX_ac,8.826068397839,12.84593332748
EX_co2,0.0,22.787115411763388
EX_glc,-12.148855548767475,-9.67077440709746
EX_h,-100.0,100.0
EX_h2o,16.1034404535894,17.346813674214985
EX_nh3,-8.259854073276543,-7.738956626714541
EX_o2,-57.87462064492713,0.0
EX_pi,-0.6697596826828285,-0.6401398606658419
EX_so4,-0.163579406254803,-0.1563451555953879
ABUTt2,-100.0,100.0
ACt2r,-12.841706670631275,-8.82606839783898
ALAabc,-100.0,100.0
ALARi,-100.0,100.0
ARBabc,-100.0,100.0
ARBt2r,-100.0,100.0
ARGabc,-99.91826620815452,100.0
ARGORNt7,-99.91807801676376,100.0
ASNabc,-100.0,100.0
ASNt2r,-100.0,100.0
ASPabc,-91.77548036473542,0.0
ASPt2,0.0,91.41999943807336
ATPS4r,0.0,100.0
Cex,-100.0,-4.68771694194225
CHLabc,0.0,100.0
CHLt2r,-100.0,0.0
CO2t,-100.0,100.0
CYTBD,0.0,100.0
CYTBO3,-100.0,100.0
DMSOR1e,0.0,0.0
DMSOR2e,0.0,0.0
FDH2,0.0,47.17149790741607
FDH3,-100.0,89.9709872830552
FORt,-86.85744045526832,90.40156455028804
FRUpts,0.0,0.0
FRUpts2,0.0,0.0
FUMt22,0.0,100.0
GALabc,0.0,100.0
GALt2,-100.0,0.0
GLCDe,0.0,9.531228305402164
GLCNt2r,0.0,9.531228305809282
GLCpts,0.0,12.148855548767475
GLCt2,0.0,12.148855548767592
GLUabc,-100.0,100.0
GLUABUTt7,-100.0,100.0
GLUt2r,-100.0,100.0
GLUt4,-100.0,100.0
GLYBabc,0.0,100.0
GLYBt2r,-99.21155752779298,0.0
GLYC3Pabc,0.0,0.6697596826830476
GLYC3Pt6,-0.669759682682809,0.0
H2Ot,-91.80274022258106,79.47271122676774
HISabc,-100.0,100.0
HISt2r,-100.0,100.0
Ht,-100.0,0.0
HYD1,0.0,47.17149788044936
HYD2,-100.0,100.0
HYD3,-100.0,100.0
ILEabc,0.0,100.0
ILEt2r,-99.83824418677182,0.0
Kabc,-100.0,100.0
Kt2r,-100.0,100.0
LEUabc,0.0,91.35770822645068
LEUt2r,-99.92244162738304,0.0
LYSabc,0.0,100.0
LYSt2r,-99.04584148458156,0.0
NADH6,0.0,47.17149711455055
NADH7,-100.0,100.0
NADH8,-100.0,100.0
NAt31,-100.0,100.0
NH3t,7.738956551203792,8.259854073276466
NMNP,-100.0,100.0
NMNt7,-100.0,100.0
NO3R1,-47.17149711456404,0.0
NO3R2,0.0,47.17149909668046
O2t,0.0,57.87462394726871
ORNabc,0.0,100.0
PIabc,0.0,0.6697596826827806
PIt2r,0.0,0.6697596826829304
PROabc,-100.0,100.0
PROt2r,-100.0,100.0
PROt4,-100.0,100.0
PTRCabc,0.0,100.0
PTRCORNt7,-100.0,100.0
PTRCt2r,-100.0,0.0
SERt2r,-100.0,100.0
SERt4,-100.0,100.0
SUCCabc,-100.0,0.0
SUCCt22,0.0,100.0
SUCFUMt,-100.0,0.0
SULabc,0.1563451555953876,0.1634168207580745
THD2,-100.0,100.0
THRabc,-100.0,100.0
THRt2r,-100.0,100.0
THRt4,-100.0,100.0
TMAOR1e,0.0,0.0
TMAOR2e,0.0,0.0
TREpts,0.0,6.074427774383764
VALabc,0.0,99.09722325952072
VALt2r,-100.0,0.0
XYLabc,-100.0,100.0
XYLt2,-100.0,100.0
biomass_ce,0.6708393822857204,0.7018798083485507
biomass_EX,0.670839382285755,0.7018798083485249
OROTex,0.0,100.0
DCTA,-99.73811580193951,0.3554058820475205
EX_oro,0.261884198060484,0.3554058820475479
