,0
CITtcp,0
13BGH,20
13BGHe,0
13GS,19
16GS,0
23CAPPD,0
2DDA7Ptm,20
2DHPtm,0
2DOXG6PP,0
2HBO,13
2HBt2,13
2HMHMBQMTm,0
2HP6MPMOm,0
2HPMBQMTm,0
2HPMMBQMOm,0
2MBACt,2
EX_epistest_SC_e,0
EX_epist_e,0
2MBALDt,4
2MBALDtm,2
2MBTOHt,4
ACACT6p,0
2MBTOHtm,2
ACACT7p,0
2MPPALt,4
ACACT8p,0
ACACT9p,0
ACALDCD,0
ACALDt,4
ACALDtm,14
ACCOAC,1
ACCOACrm,20
AGAT_SC,1
AGPRim,1
AGTi,5
AHCYStm,0
ACCOAtn,0
2MPPALtm,1
ACESt,0
ACGAM6PS,0
AHCi,20
AHMMPS,20
AHSERL,0
AHSERL2,1
ACGAMPM,0
ACGKm,1
2OBUTtm,1
ACGSm,0
2OXOADPtim,1
ACHBSm,1
ACHLE1,3
2PHETOHt,4
ACHLE2,2
ACHLE3,0
ACLSm,1
2PHETOHtm,0
ACOAHim,5
34HPLFM,0
ACOAO4p,0
AICART,1
AIRCr,19
AKGDam,14
AKGDbm,14
ACOAO5p,0
ACOAO6p,0
ACOAO7p,0
ACOAO8p,0
ACOAO9p,0
AKGMAL,0
AKGt2n,0
AKGt2r,0
34HPPOR,0
AKGtp,0
AKP1,0
ALASm,0
ALATA_L,1
ALATA_Lm,1
ACOATA,0
ACOATAm,0
ACON3MT,0
ALATRS,0
34HPPt2m,2
ALAt2r,6
ALAtmi,1
ACONT,1
ACONT3m,0
ACONTm,5
ACOTAim,1
ALCD19y,0
ALCD22xi,3
ALCD22xim,2
34HPPt2p,0
ALCD22yi,4
ALCD23xi,3
ALCD23xim,1
ALCD23yi,5
ALCD24xi,3
ALCD24xim,1
ACP1e,20
ACPSm,0
ACRNtm,0
ACRNtp,0
ACS,1
ACSm,1
ACSp,0
ACt2r,17
ALCD24yi,5
ALCD25xi,2
ALCD25xim,0
ALCD25yi,5
ACtm,14
3C3HMPt,20
ACtp,0
ACtr,20
ADA,6
ADCL,0
ALCD26xi,3
ALCD26xim,1
ALCD2x_copy1,0
ALCD2ir,4
ALCD2irm,20
ADCS,0
3C3HMPtm,19
ADD,5
ADEt2,0
ADEtm,0
ADHAPR_SC,19
ADK1,20
ADK1m,1
ADK3,12
ALCD2x_copy2,20
ALDD19xr,0
ALDD20xm,0
ALDD20y,0
ALDD20ym,0
ALDD22x,0
ALDD2xm,5
ALDD2y,19
ALDD2ym,14
ADK3m,1
ADK4,3
ADK4m,0
ADMDC,0
ADNCYC,5
ADNK1,20
ADNUC,5
ALLTAHr,0
ALLTN,0
ALLTNti,0
ALLTTti,0
ADNt2,0
3C4MOPtm,0
ADPT,20
ADSK,1
ALPHNH,20
AMAOTr,0
ADSL1r,1
AMETt2,20
3DH5HPBMTm,0
AMETtm,0
AMID,0
AMID2,0
AMID3,0
ADSL2r,19
ADSS,1
AMPN,5
AMPDA,5
3DH5HPBtm,0
AMPtn,0
ANPRT,19
ATPS3v,0
3DSPHR,0
ATPtm_H,1
ATPtp_H,0
ANS,19
AOBUTDs,0
AP4AH,0
APRTO2,0
ARAB14LO,0
BACCL,0
3HAO,5
ARAB1D2,0
ARABR,0
3HPH5MBDCm,0
ARAB_Dt,0
ARAB_Lt,0
ARGN,20
BPNT,1
BTDD_RR,2
BTDt_RR,2
3IPM3MT,0
BTNt2i,0
BTSr,0
C14STR,1
C22STDS,0
C22STDSx,0
C24STRer,1
C3STDH1,1
ARGSL,19
ARGSS,19
ARGTRS,0
ARGTRSm,0
ARGt2m,0
ARGt2r,1
ARGt6,0
ARMT,0
ASAD,1
C3STDH2,1
C3STKR1,1
C3STKR2,1
ASNN,18
C4STMO1,1
ASNNe,2
C4STMO2,1
ASNS1,19
3MBALDt,5
ASNTRS,0
ASNTRSm,0
C5STDS,0
C8STI,1
ASNt2m,0
ASNt2r,2
3MBALDtm,1
ASNt6,0
ASNt7,0
CAT,15
CATp,0
ASPCT,19
3MOBDC,5
ASPGLU2m,4
ASPGLUtp,0
ASPK,1
ASPOcm,0
CBASPtn,0
CBPS,19
CBPtn,0
CCP2m,0
CDPDGPm_SC,0
ASPTA,11
ASPTAm,18
3MOBtm,1
ASPTAp,0
ASPTRS,0
ASPTRSm,0
CDPtn,0
CER1_24ter,0
CER1_26ter,20
CER2_24ter,0
CER2_26ter,20
ASPt2m,18
ASPt2n,0
CERASE124er,0
3MOPDC,4
CERASE126er,20
ASPt2r,2
ASPt5n,0
ASPt7,0
CERASE224er,0
CERASE226er,0
ATHRDHr,0
3MOPt,3
ATP2tp_H,0
ATPATF1,0
ATPATF2,0
ATPATF3,0
ATPH1,5
ATPM,20
CERH124_copy1,0
CERH126_copy1,0
CERS124,0
CERS124er,0
CERS126,20
CERS126er,0
CERS224,0
CERS224er,0
ATPPRT,1
ATPS,20
ATPS3g,0
ATPS3m,1
CERS226,20
CERS226er,20
CERH124_copy2,0
CERH126_copy2,0
CITtbm,20
3MOPtm,7
CITtcm,11
CERS324,0
CERS326,0
CHLPCTD,0
CHLSTI,1
CLPNSm_SC,0
3OPHB5Hm,0
CMPN,5
CHLt2,0
CHOLK,0
CHORM,1
CHORS,1
CHRPL,0
CO2t,1
CO2tg,3
CO2tm,19
CO2tn,9
CO2tp,0
CHTNDA,0
CHTNS,0
CITt2r,5
CO2tv,17
COAHLp,0
3OPHB_5tm,0
COAtim,0
CITtam,19
CITtap,0
COAtn,0
4ABUTNtm,0
COUCOAFm,0
CPPPGO,0
4ABUTtm,0
CRNCARtm,0
CRNCARtp,0
DCTPD,5
DCYTD,4
CRNt,0
4ABZt,0
CRNtim,0
DCYTt2,0
CRNtp,0
4ABZtm,0
CSNATm,0
DDPA,19
DDPAm,20
DESAT14,20
DESAT16,5
DESAT18,1
CSNATp,0
CSNATr,0
CSND,5
CSNt2,0
CSm,1
DESAT18_2,1
DGDPtn,20
CSp,0
DGGH,0
4H2OGLTtm,0
DGK1,1
DGSNt2,0
CTPS1,19
CTPS2,5
CTPtm,0
DHAD1m,1
4H2OGLTtp,0
DHAD2m,1
DHAK,0
CYOOm,1
CYOR_u6m,1
DHAPtm,0
DHFR,19
CYSS,4
4HBZCOAFm,0
CYSTGL,1
CYSTL,5
CYSTLp,0
CYSTRS,0
CYSTS,1
DHFRim,0
DHFS,0
DHFtm,0
DHNPAm,0
DHNPTtm,0
DHORD4i,14
DHORDfum,11
CYSTtp,0
CYSt2r,0
CYTD,5
CYTDK2,3
DHORDi,5
DHORTS,19
4HBZFm,0
DHPSm,0
DHPTtm,0
DHQS,1
DHQTi,1
CYTDt2,0
CYTK1,1
CYTK2,20
DADA,0
DADK,1
DIAT,0
DINSt2,0
DADNt2,0
DIPS,0
DADPtn,0
4HBZtm,0
DAGCPT_SC,0
DAGPYP_SC,1
DKMPPD2,0
DMATT,19
DNMPPA,0
DNTPPA,0
DOLK,0
DOLPMMer,1
DANNt2,0
DASYN_SC,1
DASYNm_SC,0
DB4PS,19
DBTS,0
DCDPtn,0
DCMPDA,14
DOLPMTcer,1
DOLPt2er,1
4HGLSDm,0
DPCOAK,0
DPCOAKm,0
DPGM,0
DPMVD,19
ECOAH4p,0
ECOAH5p,0
DPR,0
4HPRO_LTtm,0
DPRm,0
ECOAH6p,0
DRBK,0
ECOAH7p,0
ECOAH8p,0
DROPPRy,19
4HTHRS,0
DRTPPD,19
EHGLAT,0
EHGLATm,0
EHGLATp,0
ENO,1
EPGALURSe,0
EPISTAT_SC,0
DTMPK,2
DTTPt,2
DUMPtn,0
DURIK1,4
DURIPP,0
DURIt2,0
DUTPDP,6
EPISTESTH_SC,0
EPISTESTH_SCe,0
EPISTt,0
DXHPScm,0
D_LACDcm,0
EPMGH,0
4MOPDC,5
ERGSTAT_SC,0
ERGSTESTH_SC,0
ERGSTESTH_SCe,0
ERGSTGLCT,0
D_LACDm,20
D_LACt2,0
D_LACt2m,14
D_LACtm,6
E4HGLUtm,0
ERGSTt,4
ERGSTter,1
ERGTETROLter,1
E4HGLUtp,0
E4Ptm,20
ETHAK,16
5AOPt2,0
ETHAPT_SC,16
ETHAt,16
ETOHt,16
ETOHtm,20
ECOAH11p,0
EX_ergst_e,4
EX_ergstest_SC_e,0
EX_13BDglcn_e,0
EX_etha_e,16
EX_2hb_e,13
etoh_EX,16
5AOPtm,0
EX_fe2_e,0
EX_fecost_e,5
EX_2mbac_e,2
EX_2mbald_e,4
EX_2mbtoh_e,4
EX_2mppal_e,4
EX_2phetoh_e,4
EX_fecostest_SC_e,0
EX_fmn_e,20
EX_3c3hmp_e,20
6PGLter,1
EX_3mbald_e,5
EX_for_e,8
EX_fru_e,0
EX_3mop_e,3
8AONNt2,0
EX_4abut_e,0
EX_fum_e,0
EX_g3pc_e,0
EX_4abz_e,0
AABTN,0
EX_5aop_e,0
EX_g3pi_e,20
EX_gal_e,0
EX_8aonn_e,0
EX_Nbfortyr_e,0
EX_abt_e,0
EX_ac_e,15
EX_acald_e,4
EX_aces_e,0
EX_galur_e,0
EX_gam6p_e,20
EX_gcald_e,20
EX_glc__D_e,0
EX_gln__L_e,20
EX_glu__L_e,1
EX_glx_e,20
EX_ade_e,0
EX_adn_e,0
EX_akg_e,0
EX_ala__L_e,6
EX_gly_e,0
EX_glyc_e,1
AACTOOR,0
EX_gsn_e,0
EX_gthox_e,0
EX_gthrd_e,0
EX_alltn_e,0
EX_alltt_e,0
EX_amet_e,20
EX_arab__D_e,0
EX_arab__L_e,0
EX_gua_e,2
EX_arg__L_e,1
EX_h2o_e,1
AASAD1,5
EX_h_e,20
EX_hdca_e,20
EX_hdcea_e,0
EX_asn__L_e,2
EX_asp__L_e,2
EX_btd_RR_e,2
EX_btn_e,0
EX_hexc_e,20
AASAD2,2
EX_his__L_e,3
EX_hxan_e,1
EX_iamac_e,4
EX_iamoh_e,5
EX_ibutac_e,4
EX_chol_e,0
EX_cit_e,5
co2_EX,1
EX_crn_e,0
EX_csn_e,0
EX_cys__L_e,0
EX_cytd_e,0
EX_dad_2_e,0
EX_dann_e,0
EX_ibutoh_e,4
EX_id3acald_e,4
EX_ile__L_e,3
EX_ind3eth_e,3
EX_inost_e,20
EX_dca_e,20
EX_dcyt_e,0
EX_ddca_e,20
EX_ins_e,0
EX_k_e,0
EX_dgsn_e,0
EX_din_e,0
EX_lac__D_e,0
AATA,1
EX_lac__L_e,20
EX_lanost_e,20
EX_lanostest_SC_e,20
EX_dttp_e,2
EX_duri_e,0
EX_leu__L_e,1
ABTA,20
EX_lys__L_e,1
EX_mal__L_e,2
EX_malt_e,20
EX_ribflv_e,0
EX_sbt__D_e,4
EX_man_e,0
ABTt,0
EX_melib_e,0
EX_met__L_e,1
EX_mmet_e,0
EX_na1_e,0
EX_nac_e,0
EX_sbt__L_e,0
EX_ser__L_e,20
EX_so3_e,5
EX_so4_e,1
EX_spmd_e,0
EX_sprm_e,0
EX_srb__L_e,0
EX_succ_e,2
EX_nadp_e,6
EX_nh4_e,1
EX_nmn_e,0
EX_sucr_e,0
o2_EX,1
EX_taur_e,0
ABUTDm,0
EX_thm_e,20
EX_oaa_e,20
EX_ocdca_e,20
EX_ocdcea_e,20
ABUTt2r,0
EX_ocdcya_e,20
EX_orn_e,0
EX_thmmp_e,0
EX_thmpp_e,20
EX_thr__L_e,13
EX_thym_e,0
EX_pacald_e,16
EX_pap_e,20
EX_thymd_e,20
ACACT1r,19
EX_tre_e,0
EX_trp__L_e,20
EX_pc_SC_e,20
EX_pectin_e,0
EX_pepd_e,0
EX_phe__L_e,5
EX_pheac_e,3
EX_pi_e,19
EX_pnto__R_e,0
EX_ttdca_e,18
EX_tyr__L_e,0
EX_ura_e,0
EX_urea_e,4
EX_uri_e,20
EX_val__L_e,7
EX_xan_e,0
EX_xtsn_e,0
EX_pro__L_e,20
EX_ptd1ino_SC_e,20
EX_ptrc_e,2
EX_pyr_e,3
EX_xyl__D_e,0
EX_xylt_e,20
EX_rib__D_e,0
ACACT1m,0
EX_zymst_e,15
EX_zymstest_SC_e,0
FA100tp,0
ACACT4p,0
FA120ACPHi,0
FACOAL161,4
FACOAL161p,0
FA120ACPtm,0
ACACT5p,0
FA120tp,0
FA140ACPHi,20
FACOAL180,19
FACOAL181,0
FACOAL182,0
FA140ACPtm,20
FACOAL240p,0
FA140COAabcp,0
FA140tp,0
FA141ACPHi,0
FA141ACPtm,0
FACOAL260p,0
FACOAL80p,0
FADFMNtm,0
FALDH,0
FA141COAabcp,0
FAS161ACPm,0
FA141tp,0
FA160ACPHi,0
FA160ACPtm,0
FA160COAabcp,0
FAO141p_even,0
FAO141p_odd,0
FAO161p_even,0
FAO161p_odd,0
FAO181p_even,0
FA160tp,0
FA161ACPHi,0
FA161ACPtm,0
FAO181p_odd,0
FAS180,20
FAO182p_eveneven,0
FAO182p_evenodd,0
FAO182p_oddodd,0
FAO240p,0
FAO80p,0
FAS100,0
FA161COAabcp,0
FA161tp,0
FA180ACPH,20
FA180ACPtm,20
FA180COAabcp,0
FA181ACPH,0
FA181ACPtm,0
FA181COAabcp,0
FA182ACPH,0
FA182ACPtm,0
FA182COAabcp,0
FA240tp,0
FAS100ACPm,0
FAS100COA,1
FAS120,20
FAS120ACPm,0
FAS120COA,1
FAS140,0
FAS140ACPm,0
FAS140COA,1
FAS141,20
FA260tp,0
FA80tp,0
FACOAL100p,0
FAS141ACPm,0
FACOAL120p,0
FACOAL140,11
FACOAL140p,0
FACOAL141,20
FACOAL141p,0
FAS160,3
FAS160ACPm,20
FAS160COA,17
FAS161,4
FACOAL160,3
FACOAL160p,0
FAS180ACPm,20
G3PDm,11
FAS180COA,20
GLUK,10
G3PIt,0
FAS181,0
FAS181ACPm,0
FAS182ACPm,0
G3PT,2
FAS240_L,0
G5SADs,1
G5SADrm,0
FAS260,0
G5SD,5
G5SD2,16
GLUN,3
GLUPRT,1
G6PDA,18
FAS80ACPm_L,0
G6PDH2r,6
G6PDH2er,1
G6PI,11
G6PI3,14
G6Pter,1
GALIGH,0
GALKr,0
GALS3,0
GALT,7
GLUSx,8
GLUTRS,0
GLUTRSm,0
GLUt2n,0
GLUt2r,1
GLUt5m,4
GLUt7,0
GLUt7m,3
GLXt,20
GLXtp,0
GLYAT,0
GLYC3Ptm,0
GALUi,8
GALt2,0
GAM6Pt,20
GAPD,1
GLYCDy,0
FAS80COA_L,1
GLYCLm,0
GLYCt,1
GLYCt2,1
GARFT,1
GAT1_SC,20
GAT2_SC,19
GBEZ,0
GCALDt,20
GCALDtm,0
GCC2am,0
GCC2bim,0
GCC2cm_copy1,14
GCCam,0
GCCbim,0
GLYGS,0
GLYK,1
GLYOX,20
GLYOXm,0
GLYTRS,0
GLYt2m,0
GLYt2r,0
GCCcm,0
GDPMANNtg,0
GMPS2,1
GDPt3g,0
GND,1
FAS80_L,0
GNNUC,4
GDPtn,20
GF6PTA,5
GPDDA1,0
GGLGH,0
FBA,7
GGTT,0
GHMT2r,19
GHMT2rm,0
GRTT,19
GSNK,5
GSNt2,0
GK1,14
GK2,6
GLCGSD,0
GLCGSDv,0
GSNt2m,0
GTHOr,5
GTHOXti,0
GTHOm,0
GLCNtv,0
FBA2,0
GLCP,0
GLCS2,1
GTHPi,5
GTHPm,0
GTHRDabcv,0
GTHRDt2,0
GLCt1,0
GLCtv,17
FBA3,6
GLNS,19
GLNTRS,0
GTHS,0
GTMLT,0
GLNt2n,0
FBP,4
GLNt2r,20
GLNt6,0
GTPCI,0
GTPCII,19
GTPH1,20
GLNt7,0
GTPt2m,1
GLPT,0
FBP26,0
GLU5K,17
GLUCYS,0
GLUDC,0
GUAD,4
GUAPRT,4
GUAt2r,2
GUAtm,0
H2O2tn,20
H2Ot,1
GLUDxi,6
GLUDy,3
H2Oter,19
FCLTm,0
H2Otm,2
H2Otn,11
H2Otp,0
HCITSm,1
H2Otv,17
HCITSn,0
FDH,12
HACD10p,0
HACD4p,0
FDNG,12
HACD5p,0
HACD6p,0
HCO3E,13
HCO3Em,20
HCO3En,9
HACD7p,0
HACD8p,0
HCO3tn,9
HACNHm,1
FE2t,0
HBZOPT6m,0
FE2utm,0
HCYSMT,20
HCYSt2p,0
HDCAt,0
HDCEAt,20
FECOSTAT_SC,0
HEMEOMOm,0
HEMEOSm,0
HETZK,20
FECOSTESTH_SC,0
HEX1,10
HEX4,0
FECOSTESTH_SCe,0
HEX7,4
HEXCCOAtx,0
HEXDPtm,0
ILEtmi,3
FECOSTt,5
HGNTOR,0
HICITDm,1
FEtm,0
IMPC,1
FKYNH,6
IMPD,1
IND3ACtm,0
HISTD,1
FMETTRSm,0
HISTP,1
HISTRS,0
IND3ETHt,3
IND3ETHtm,1
INDPYRD,4
HISTRSm,0
INSK,5
FMNAT,0
HISt2m,0
HISt2r,3
HISt6,0
HKYNH,5
HMBS,0
INSTt2,20
INSt2,0
IPC124PLC_SC,0
IPC126PLC_SC,0
IPC224PLC_SC,0
IPC226PLC_SC,0
HMGCOAR,19
HMGCOAS,19
HMGCOASm,0
IPC324PLC_SC,0
IPC326PLC_SC,0
HMGCOAtm,0
FMNATm,0
HMPK1,0
HPPKm,0
HPROa,0
IPCS124_SC,0
IPCS126_SC,0
IPCS224_SC,0
IPCS226_SC,0
HPROb,0
HPROxm,0
IPCS324_SC,0
IPCS326_SC,0
HPROym,0
FMNRx,0
HSDxi,4
IPDDI,19
FMNRx2,0
IPDPtm,0
IPMD,1
IPPMIa,1
IPPMIb,1
IPPS,4
HSDy,8
HSERTA,1
HSK,19
HSTPT,1
HXANt2r,1
HXPRT,5
HYPOE,0
IAMACt,4
IAMOHt,5
IAMOHtm,1
IBUTACt,4
IBUTOHt,4
IBUTOHtm,1
ICDHxm,6
IPPSm,19
ITCOALm,0
KARA1im,1
KARA2im,1
KYN,6
KYN3OX,5
Kt2r,0
LALDO3,5
LANOSTAT_SC,0
ICDHyr,19
ICDHym,15
ICDHyp,0
ICL,5
LANOSTESTH_SC,0
FOLD3m,0
LANOSTESTH_SCe,20
LANOSTt,20
LCADi,5
LCYSTintv,0
LEUTA,1
LEUTAm,0
LEUTRS,0
LEUTRSm,0
ID3ACALDt,4
ID3ACALDtm,1
IG3PS,1
IGPDH,1
IGPS,19
ILETA,7
ILETAm,3
ILETRS,0
ILETRSm,0
ILEt2r,3
ILEt6,0
ILEt7,0
LEUt2r,1
LEUt6,0
LEUt7,0
LGTHL,20
LNS14DM,7
LNS14DMx,3
FORt,8
LNSTLS,19
MACACI,0
MALOAAtp,0
LPCAT_SC,0
LPP_SC,0
FORtm,0
FRDPtm,0
FRDcm,10
LSERDHr,0
LYSTRS,0
LYSTRSm,0
LYSt2m,0
LYSt2r,1
MALS,5
MALSp,0
MALT,20
MALTt2,20
MALt2r,2
MALtm,7
MAN1PT,1
LYSt6,0
L_LACD2cm,15
L_LACt2r,20
MAN6PI,1
L_LACtm,0
MANNANter,1
FRDm,1
MANt2,0
MCITDm,1
MCITL2m,0
FRTT,0
MCITSm,0
MCOATA,0
MCOATAm,20
MIPC326PLC_SC,0
MIPCS124_SC,0
MIPCS126_SC,0
MDH,17
MIPCS224_SC,0
MDHm,7
MDHp,0
MIPCS226_SC,0
MIPCS324_SC,0
MIPCS326_SC,0
MMETt2,0
FRUK,0
MDRPD,0
FRUt2,0
FTHFCL,0
ME1m,5
ME2m,20
MOHMT,0
MTAP,0
MELIBt2,0
FTHFCLm,0
MELTGH,0
METAT,20
MTHFC,19
MTHFCm,0
MTHFD,13
FTHFI,0
MTHFD2i,14
MTHFDm,0
MTHFR3,19
METB1,5
METS,19
METTRS,0
METTRSm,0
METt2m,0
FTHFLi,19
METt2r,1
MTRI,0
NABTNO,0
NACt,0
NADDPp,0
NADH2_u6cm,2
NADH2_u6m,11
NADK,5
MEVK1,9
MEVK2,9
MEVK3,11
MEVK4,4
MFAPS_SC,20
MGSA,20
MHPGLUT,0
NADKm,5
NADN,0
NADNm,0
MI13456PKn,0
FTHFLmi,0
MI1345PKn,0
MI1456PKn,0
MI145P6Kn,0
MI145PKn,0
NADPPPS,5
NADPPPSm,5
NADPt,6
MI145Ptn,0
FUM,10
MI1PP,19
MI1PS,19
MINOHPtn,0
NADS1,5
NADS1n,0
NADtn,0
MIP2C124PLC_SC,0
NAPRT,0
MIP2C126PLC_SC,0
FUMAC,0
MIP2C224PLC_SC,0
MIP2C226PLC_SC,0
MIP2C324PLC_SC,0
MIP2C326PLC_SC,0
NAPRTm,0
NAt3_1,0
NDP1,5
NDP3,5
NDP3g,0
NDP4,5
MIP2CS124_SC,0
MIP2CS126_SC,0
NDP7,5
MIP2CS224_SC,0
FUMm,17
MIP2CS226_SC,0
MIP2CS324_SC,0
MIP2CS326_SC,0
MIPC124PLC_SC,0
NDPK1,6
NDPK2,1
NDPK3,19
NDPK4,2
NDPK5,10
MIPC126PLC_SC,0
NDPK6,20
FUMt2r,0
NDPK7,15
NDPK8,18
MIPC224PLC_SC,0
MIPC226PLC_SC,0
MIPC324PLC_SC,0
NDPK9,3
NFORTYRt,0
NFTYROX,0
NH4t,1
NH4ti,0
NH4tm,2
NTD1,4
G12MT1g,0
NTD10,1
NTD11,6
NTD2,5
NTD3,4
NH4tn,0
NH4tp,0
NMNAT,0
NMNATm,0
NMNTP,0
NTD4,5
G12MT2g,0
NTD5,0
NMNt2m,0
NMNt2p,0
NNAM,0
G13MTg,0
NNAMrm,0
NTD6,0
NTD7,5
NNATr,5
NNATm,0
NNDPR,5
NTD8,0
NTD9,5
NTP3,2
G16MTg,0
G3PCt,20
NNDPRm,0
G3PD1ir,19
NNMT,0
NTP4,5
NTRLASE,0
NTRLASE2,0
NTRLASE3,0
PEPDt3,0
G3PD1irm,11
PETHCT,16
PETOHM_SC,20
PEtg_SC,3
O2t,1
O2ter,19
O2tm,1
OAAt,20
PEtm_SC,20
OAAt2m,13
PEtv_SC,17
OBDHm,0
PPM,20
OCBT,19
OCDCAt,0
OCDCEAt,20
OCDCYAt,20
OHACT1,0
PFK,9
PFK26,0
PFK_2,0
PFK_3,6
PGAMT,0
OHACT2,4
PGCD,19
PPNCL2,0
PGI,19
OHACT3,2
OHACT4,4
PGK,1
PGL,1
PGM,1
PGMT,1
PGPPAm_SC,0
OHACT5,3
OHPBAT,0
OMCDC,1
OMCDCm,0
OMPDC,19
PHCDm,0
PHCHGSm,0
PHEACt,3
ORNDC,2
PPND,6
ORNTA,17
ORNTACim,1
ORNt2r,0
ORNt3m,1
PHETA1,1
PHETRS,0
PHETRSm,0
PHEt2m,0
PHEt2r,5
ORPT,19
OXAGm,1
PI35BP5P_SC,0
PPND2,2
PI3P4K_SC,0
PI3P5K_SC,0
OXO2Ctm,0
P5CDm,4
PPNDH,1
P5CR,1
PACALDt,16
PACALDtm,0
PAK_SC,0
PAN4Ptm,0
PI45BP5P_SC,0
PI45BPP_SC,0
PI4P5K_SC,0
PIN3K_SC,0
PIN4K_SC,0
PIN4Kn_SC,0
PINOS_SC,1
PIt2m,1
PANTS,0
PANTtm,0
PAPSR,1
PAPt,20
PIt2n,0
PIt2p,0
PIt2r,19
PAPtm,0
PIt2v,0
PAtm_SC,0
PPPG9tm,0
PC,20
PCDAGAT,0
PIt5m,4
PLBP1I_SCe,20
PLBPC_SC,20
PDE1,5
PLBPC_SCe,20
PPPGOm,0
PLD_SC,0
PMANM,1
PMDPHT,19
PMETM_SC,20
PDE2,0
PDE3,0
PDE4,0
PDE5,0
GCC2cm_copy2,14
PDHm,1
PDX5POi,0
PENDPtm,0
PMEVK,19
PMI12346PH,0
PMI12346PS,0
PEPAT,0
PPTTm,0
PMI1346PH,0
PMI1346PS,0
PMPK,0
PPYRDC,15
PNP,0
PNTK,0
PNTOt2,0
PYRDC2,2
PYRt,3
POLYAO,0
PRAGSr,1
POLYAO2,0
POLYAO3,0
PYRt2,2
PYRt2m,7
PRAIS,1
PYRt2p,0
QUILSYN,5
PPA,19
PPAm,1
PPBNGS,0
PPCDC,0
PPCK,15
PRAIi,19
QULNS,0
PRAMPC,1
QULNtm,0
RAFGH,0
RBFK,0
SLCBK2,20
SLFAT,16
RBFKm,0
PRASCSi,19
RBFSa,19
RBFSb,19
SO3ti,5
SO4ti,1
RBK,5
SPH1Pter,20
RIBFLVt2,20
PRATPP,1
RIBFLVtm,0
SPHPL,0
RIBt2,0
PRFGS,1
SPMDAT1,0
RNDR1,16
PRMICI,1
RNDR1n,0
SPMDt3i,0
SPMDtex2,0
RNDR2,14
RNDR2n,20
RNDR3,20
RNDR3n,0
SPMS,0
SPRMS,0
SPRMt2i,0
SQ23EPXter,19
SQLEr,19
SQLErx,0
RNDR4,19
RNDR4n,0
SQLS,19
RNMK,0
PRO1xm,4
RNTR1,16
RNTR2,10
SQLter,19
SRB_Lt,0
RNTR3,20
PROTRS,0
RNTR4,14
RPE,8
SSALy,20
PROt2r,20
RPI,1
SACCD1,1
SUCCt2r,2
SACCD2,1
PROtm,4
SADT,19
SAM24MT,5
SBPP1er,20
SBPP2er,20
SBTD_D2,4
SBTD_L,0
SUCCtm,13
SUCD1m,5
SUCD2_u6m,4
SUCD3_u6m,4
SUCFUMtm,11
SUCOASm,14
SUCRe,0
SUCRt2,0
SBTR,6
SBT_Dt,4
SBT_Lt,0
SERAT,4
SULR,1
T4HCINNMFM,0
SERPT,0
PRPPS,19
SERTRS,0
SERt2m,0
SERt2r,20
SFGTHi,0
TAGL_SC,0
TALA,16
TAUDO,0
TAURt,0
SHCHD,0
SHCHF,0
SHK3Dr,1
SHKK,1
SHSL1,0
TCHOLAabcv,0
THFATm,0
THFGLUS,0
THIORDXi,5
THIORDXm,0
THIORDXni,20
THIORDXp,0
SHSL4r,0
SLCBK1,20
PRPPtm,0
THMDPe,20
THMDt2,20
THMP,0
PSCVT,1
THMPPt2m,0
THMPe,0
THRt2r,13
THYMt3r,0
THZPSN1_SC,0
THZPSN2_SC,20
THMt2,20
PSERDg_SC,3
THRA2,0
TKT1,6
PSERDm_SC,20
TKT2,19
TMDK1,20
TMDPK,0
THRA,8
THRD_L,20
THRD_Lm,2
THRS,19
THRTRS,0
THRTRSm,0
THRt2m,2
URIK1,5
TMDPP,0
TMDPPK,0
TMDS,19
TMN,20
TMPK,0
TMPPP,0
TPI,1
TRDOXtp,0
TRDR,1
PSERDv_SC,17
TRDRDtp,0
TRDRm,0
TRE6PP,19
URIK2,15
URIt2,20
UTPH1,20
UTPtm,0
TRE6PS,19
TREH,20
PSERS_SC,19
TREHv,17
VALTA,1
VALTAim,16
VALTRS,0
TREt2,0
TREt2v,17
VALTRSm,0
PSERSm_SC,0
VALt2m,16
VALt2r,7
XANt,0
XPPT,4
XTSNt2,0
TRIGS_SC,1
TRPO2,6
TRPS1,19
TRPTA,4
TRPTRS,0
TRPTRSm,0
TRPt2m,0
TRPt2r,20
TTCCOAtx,0
XYLK,20
XYLR,0
XYLTD_D,20
XYLTt,20
TTDCAtr,18
TYRNFT,0
PSERT,19
TYRTAi,3
TYRTAim,2
TYRTAip,0
XYLt,0
YUMPS,0
ZYMSTAT_SC,0
ZYMSTESTH_SC,0
TYRTRS,0
TYRTRSm,0
ZYMSTESTH_SCe,0
TYRt2m,2
PSPH1Pter,20
TYRt2p,0
TYRt2r,0
TYRt6,0
TYRt7,0
UDPACGLP,0
ZYMSTt,15
biomass_c,1
SERD_L,5
UDPG4E,0
PSPHPL,0
UDPGALt2g,0
UGLT,7
UGLYCH,0
PSPHS,0
UMPK,19
PSP_L,19
UMPKn,0
UMPtn,0
PStg_SC,3
PStm_SC,20
UNK3,0
UPP3MT,0
PStv_SC,17
UPP3S,0
UPPDC1,0
UPPRT,5
PTD1INOtn_SC,0
URAt2,0
PTD4INOtn_SC,0
UREA2t2,4
UREASE,20
PTE10x,0
URIDK2r,1
URIDK2rn,0
PTE11x,0
PTE12x,0
PTE2x,0
PTE7x,0
PTE8x,0
PTE9x,0
PTPATi,0
PTPATim,0
PTRCt3i,0
PTRCtex2,2
PUNP1,15
PUNP1m,0
PUNP2,0
PUNP3,4
PUNP3m,0
PUNP4,0
PUNP5,5
PUNP6,0
PUNP7,1
PYAM5PO,0
PYDAMK,0
PYDXK,0
PYDXNK,0
PYDXNO,0
PYDXO,0
PYK,1
PYNP2r,5
PYR5CDm,0
PYRDC,1
biomass_ce,1
biomass_EX,1
charge_ce,1
EX_charge,0
charge_cm,6
charge_cx,0
charge_cr,1
charge_cv,0
charge_cg,0
charge_cn,0
H_cm,20
H_cx,0
H_cr,1
H_cv,11
H_cg,3
H_cn,9
PIt2m0,20
