,range
CITtcp,0.0
13BGH,272.5
13BGHe,0.0
13GS,272.5
16GS,0.0
23CAPPD,0.0
2DDA7Ptm,19.714285714285715
2DHPtm,12.0
2DOXG6PP,0.0
2HBO,30.666666666666664
2HBt2,30.666666666666664
2HMHMBQMTm,0.0
2HP6MPMOm,0.0
2HPMBQMTm,0.0
2HPMMBQMOm,0.0
2MBACt,14.526315789473685
EX_epistest_SC_e,0.0
EX_epist_e,2.816326530612246
2MBALDt,19.714285714285715
2MBALDtm,18.400000000000002
2MBTOHt,18.4
ACACT6p,0.0
2MBTOHtm,18.4
ACACT7p,0.0
2MPPALt,23.000000000000004
ACACT8p,0.0
ACACT9p,0.0
ACALDCD,25.090909090909093
ACALDt,55.19999999999999
ACALDtm,500.0
ACCOAC,41.40000000000004
ACCOACrm,0.0
AGAT_SC,31.686272301595253
AGPRim,376.0
AGTi,156.71428571428584
AHCYStm,0.0
ACCOAtn,0.0
2MPPALtm,23.0
ACESt,27.6
ACGAM6PS,0.0
AHCi,181.66666666666666
AHMMPS,0.0
AHSERL,0.0
AHSERL2,27.11681547619047
ACGAMPM,0.0
ACGKm,376.000000000001
2OBUTtm,181.06666666666672
ACGSm,0.0
2OXOADPtim,19.71428571428574
ACHBSm,19.71428571428571
ACHLE1,272.5
2PHETOHt,13.8
ACHLE2,272.5
ACHLE3,272.5
ACLSm,22.99999999999999
2PHETOHtm,13.800000000000006
ACOAHim,314.43420793556044
34HPLFM,0.0
ACOAO4p,0.0
AICART,27.600000000000012
AIRCr,27.600000000000012
AKGDam,91.99999999999993
AKGDbm,91.99999999999993
ACOAO5p,0.0
ACOAO6p,0.0
ACOAO7p,0.0
ACOAO8p,0.0
ACOAO9p,0.0
AKGMAL,1000.0
AKGt2n,0.0
AKGt2r,1000.0
34HPPOR,0.0
AKGtp,0.0
AKP1,0.0
ALASm,0.0
ALATA_L,656.714285714286
ALATA_Lm,500.0
ACOATA,0.0
ACOATAm,0.0
ACON3MT,0.0
ALATRS,0.0
34HPPt2m,13.799999999999999
ALAt2r,46.0
ALAtmi,500.0
ACONT,1000.0
ACONT3m,150.40000000000012
ACONTm,1000.0
ACOTAim,375.99999999999994
ALCD19y,0.0
ALCD22xi,18.40000000000004
ALCD22xim,18.4
34HPPt2p,0.0
ALCD22yi,18.4
ALCD23xi,22.999999999999996
ALCD23xim,22.999999999999954
ALCD23yi,22.99999999999997
ALCD24xi,18.400000000000034
ALCD24xim,18.400000000000045
ACP1e,0.0
ACPSm,152.65027371897693
ACRNtm,249.41964366582874
ACRNtp,0.0
ACS,272.5
ACSm,295.4999999999998
ACSp,0.0
ACt2r,1000.0
ALCD24yi,18.400000000000023
ALCD25xi,13.799999999999999
ALCD25xim,13.799999999999974
ALCD25yi,13.8
ACtm,392.9910722372572
3C3HMPt,18.400000000000002
ACtp,0.0
ACtr,1000.0
ADA,225.00293269855055
ADCL,19.714285714285715
ALCD26xi,11.500000000000002
ALCD26xim,11.5
ALCD2x_copy1,500.0
ALCD2ir,500.0
ALCD2irm,500.0
ADCS,19.714285714285708
3C3HMPtm,18.400000000000016
ADD,225.00293269855086
ADEt2,0.0
ADEtm,0.0
ADHAPR_SC,30.87133772584762
ADK1,1000.0
ADK1m,776.75
ADK3,1000.0
ALCD2x_copy2,1000.0
ALDD19xr,0.0
ALDD20xm,0.0
ALDD20y,0.0
ALDD20ym,0.0
ALDD22x,12.0
ALDD2xm,152.16666666666688
ALDD2y,182.24999999999915
ALDD2ym,114.12499999999994
ADK3m,500.0
ADK4,1000.0
ADK4m,0.0
ADMDC,13.142857142857142
ADNCYC,272.5
ADNK1,500.0
ADNUC,500.0
ALLTAHr,0.0
ALLTN,0.0
ALLTNti,0.0
ALLTTti,0.0
ADNt2,0.0
3C4MOPtm,0.0
ADPT,272.5
ADSK,169.18632878755628
ALPHNH,87.97153262884505
AMAOTr,0.0
ADSL1r,345.8039215686301
AMETt2,0.0
3DH5HPBMTm,0.0
AMETtm,0.0
AMID,0.0
AMID2,0.0
AMID3,0.0
ADSL2r,27.599999999999987
ADSS,345.8039215686279
AMPN,500.0
AMPDA,345.80392156862746
3DH5HPBtm,0.0
AMPtn,0.0
ANPRT,71.99251868854815
ATPS3v,0.0
3DSPHR,0.0
ATPtm_H,500.0
ATPtp_H,0.0
ANS,11.5
AOBUTDs,0.0
AP4AH,500.0
APRTO2,11.040000000000013
ARAB14LO,0.0
BACCL,0.0
3HAO,6.272727272727272
ARAB1D2,0.0
ARABR,0.0
3HPH5MBDCm,0.0
ARAB_Dt,0.0
ARAB_Lt,0.0
ARGN,104.04083118809689
BPNT,169.18632878755608
BTDD_RR,25.09090909090909
BTDt_RR,25.090909090909104
3IPM3MT,0.0
BTNt2i,0.0
BTSr,0.0
C14STR,2.905263157894738
C22STDS,2.7326732673267196
C22STDSx,2.7326732673267196
C24STRer,2.7878787878788116
C3STDH1,2.9052631578947374
ARGSL,104.04083118809648
ARGSS,104.04083118809648
ARGTRS,0.0
ARGTRSm,0.0
ARGt2m,0.0
ARGt2r,23.000000000000004
ARGt6,0.0
ARMT,0.0
ASAD,150.40000000000003
C3STDH2,2.905263157894736
C3STKR1,2.905263157894736
C3STKR2,2.905263157894736
ASNN,181.66666666666669
C4STMO1,2.9052631578947374
ASNNe,181.66666666666666
C4STMO2,2.9052631578947357
ASNS1,181.66666666666666
3MBALDt,18.400000000000006
ASNTRS,0.0
ASNTRSm,0.0
C5STDS,2.732673267326733
C8STI,2.8163265306122445
ASNt2m,0.0
ASNt2r,181.66666666666663
3MBALDtm,18.400000000000002
ASNt6,500.0
ASNt7,500.0
CAT,13.906999306707341
CATp,0.0
ASPCT,27.600000000000005
3MOBDC,23.00000000000002
ASPGLU2m,91.99999999999994
ASPGLUtp,0.0
ASPK,150.4
ASPOcm,6.57142857142857
CBASPtn,0.0
CBPS,104.04083118809648
CBPtn,0.0
CCP2m,0.0
CDPDGPm_SC,0.0
ASPTA,1000.0
ASPTAm,1000.0
3MOBtm,500.0
ASPTAp,0.0
ASPTRS,0.0
ASPTRSm,0.0
CDPtn,0.0
CER1_24ter,0.0
CER1_26ter,0.0
CER2_24ter,0.0
CER2_26ter,0.0
ASPt2m,1000.0
ASPt2n,1000.0
CERASE124er,500.0
3MOPDC,19.71428571428571
CERASE126er,500.0
ASPt2r,216.1666666666666
ASPt5n,1000.0
ASPt7,0.0
CERASE224er,500.0
CERASE226er,500.0
ATHRDHr,0.0
3MOPt,19.71428571428572
ATP2tp_H,0.0
ATPATF1,500.0
ATPATF2,0.0
ATPATF3,0.0
ATPH1,272.5
ATPM,0.0
CERH124_copy1,0.0
CERH126_copy1,0.0
CERS124,0.0
CERS124er,500.0
CERS126,0.0
CERS126er,500.0
CERS224,0.0
CERS224er,500.0
ATPPRT,21.23076923076925
ATPS,500.0
ATPS3g,0.0
ATPS3m,500.0
CERS226,0.0
CERS226er,500.0
CERH124_copy2,0.0
CERH126_copy2,0.0
CITtbm,19.71428571428571
3MOPtm,519.7142857142857
CITtcm,1000.0
CERS324,0.0
CERS326,0.0
CHLPCTD,181.66666666666666
CHLSTI,2.7878787878787867
CLPNSm_SC,0.0
3OPHB5Hm,0.0
CMPN,272.49999999999994
CHLt2,0.0
CHOLK,181.66666666666666
CHORM,13.800000000000004
CHORS,19.714285714285708
CHRPL,0.0
CO2t,138.0
CO2tg,9.444694955400415
CO2tm,500.0
CO2tn,1000.0
CO2tp,0.0
CHTNDA,0.0
CHTNS,0.0
CITt2r,23.000000000000057
CO2tv,9.444694955400408
COAHLp,0.0
3OPHB_5tm,0.0
COAtim,152.6502737189768
CITtam,176.42857142857196
CITtap,0.0
COAtn,0.0
4ABUTNtm,0.0
COUCOAFm,0.0
CPPPGO,0.0
4ABUTtm,0.0
CRNCARtm,249.41964366582485
CRNCARtp,0.0
DCTPD,500.0
DCYTD,500.0
CRNt,0.0
4ABZt,19.714285714285722
CRNtim,249.41964366582934
DCYTt2,0.0
CRNtp,0.0
4ABZtm,0.0
CSNATm,249.4196436658293
DDPA,19.714285714285722
DDPAm,19.714285714285715
DESAT14,0.0
DESAT16,0.03150222014620671
DESAT18,0.06115136851910753
CSNATp,0.0
CSNATr,249.4196436658289
CSND,272.49999999999994
CSNt2,0.0
CSm,156.7142857142856
DESAT18_2,0.016677645959756376
DGDPtn,0.0
CSp,0.0
DGGH,0.0
4H2OGLTtm,0.0
DGK1,513.8
DGSNt2,0.0
CTPS1,272.5
CTPS2,181.66666666666666
CTPtm,420.4098375503734
DHAD1m,22.999999999999936
4H2OGLTtp,0.0
DHAD2m,19.714285714285715
DHAK,500.0
CYOOm,137.99999999999946
CYOR_u6m,275.9999999999989
DHAPtm,275.9999999999995
DHFR,27.6
CYSS,30.666666666666668
4HBZCOAFm,0.0
CYSTGL,500.0
CYSTL,228.55115974546462
CYSTLp,228.5511597454648
CYSTRS,0.0
CYSTS,228.55115974546462
DHFRim,0.0
DHFS,0.0
DHFtm,0.0
DHNPAm,0.0
DHNPTtm,0.0
DHORD4i,27.599999999999998
DHORDfum,27.599999999999998
CYSTtp,228.5511597454647
CYSt2r,30.666666666666668
CYTD,272.5
CYTDK2,500.0
DHORDi,27.6
DHORTS,27.599999999999994
4HBZFm,0.0
DHPSm,0.0
DHPTtm,0.0
DHQS,19.714285714285715
DHQTi,19.714285714285715
CYTDt2,0.0
CYTK1,490.5
CYTK2,513.8
DADA,225.00293269855132
DADK,13.799999999999997
DIAT,5.75
DINSt2,0.0
DADNt2,0.0
DIPS,0.0
DADPtn,0.0
4HBZtm,0.0
DAGCPT_SC,181.66666666666666
DAGPYP_SC,181.66666666666666
DKMPPD2,13.142857142857128
DMATT,6.418604651162812
DNMPPA,0.0
DNTPPA,0.0
DOLK,0.0
DOLPMMer,2.6733869386681093
DANNt2,0.0
DASYN_SC,529.4098375503745
DASYNm_SC,420.40983755037354
DB4PS,0.006551932341332922
DBTS,0.0
DCDPtn,0.0
DCMPDA,513.8
DOLPMTcer,2.6733869386681075
DOLPt2er,2.673386938668113
4HGLSDm,500.0
DPCOAK,152.6502737189768
DPCOAKm,0.0
DPGM,0.0
DPMVD,19.255813953488396
ECOAH4p,0.0
ECOAH5p,0.0
DPR,12.000000000000005
4HPRO_LTtm,0.0
DPRm,12.0
ECOAH6p,0.0
DRBK,0.0
ECOAH7p,0.0
ECOAH8p,0.0
DROPPRy,0.00327596617066645
4HTHRS,0.0
DRTPPD,0.00327596617066645
EHGLAT,0.0
EHGLATm,0.0
EHGLATp,0.0
ENO,265.0613916945581
EPGALURSe,0.0
EPISTAT_SC,0.0
DTMPK,13.800000000000006
DTTPt,13.799999999999999
DUMPtn,0.0
DURIK1,500.0
DURIPP,27.60000000000001
DURIt2,0.0
DUTPDP,272.5
EPISTESTH_SC,0.0
EPISTESTH_SCe,0.0
EPISTt,2.8163265306122445
DXHPScm,0.0
D_LACDcm,195.54026845208557
EPMGH,0.0
4MOPDC,18.399999999999995
ERGSTAT_SC,0.0
ERGSTESTH_SC,0.0
ERGSTESTH_SCe,0.0
ERGSTGLCT,0.0
D_LACDm,180.24404815817198
D_LACt2,46.0
D_LACt2m,1000.0
D_LACtm,1000.0
E4HGLUtm,0.0
ERGSTt,2.7878787878787863
ERGSTter,2.7878787878787876
ERGTETROLter,2.787878787878788
E4HGLUtp,0.0
E4Ptm,19.714285714285715
ETHAK,0.0
5AOPt2,0.0
ETHAPT_SC,0.0
ETHAt,0.0
ETOHt,46.0
ETOHtm,500.0
ECOAH11p,0.0
EX_ergst_e,2.787878787878787
EX_ergstest_SC_e,0.0
EX_13BDglcn_e,0.0
EX_etha_e,0.0
EX_2hb_e,30.666666666666664
etoh_EX,46.00000000000001
5AOPtm,0.0
EX_fe2_e,0.0
EX_fecost_e,2.8163265306122445
EX_2mbac_e,14.526315789473694
EX_2mbald_e,19.714285714285715
EX_2mbtoh_e,18.4
EX_2mppal_e,22.99999999999996
EX_2phetoh_e,13.8
EX_fecostest_SC_e,0.0
EX_fmn_e,0.0
EX_3c3hmp_e,18.400000000000002
6PGLter,5.575757575757573
EX_3mbald_e,18.400000000000002
EX_for_e,64.68196721868996
EX_fru_e,0.0
EX_3mop_e,19.714285714285715
8AONNt2,0.0
EX_4abut_e,30.666666666666618
EX_fum_e,34.5
EX_g3pc_e,9.469234406747084
EX_4abz_e,19.714285714285715
AABTN,11.04
EX_5aop_e,0.0
EX_g3pi_e,0.0
EX_gal_e,0.0
EX_8aonn_e,0.0
EX_Nbfortyr_e,6.0
EX_abt_e,0.0
EX_ac_e,68.99999999999994
EX_acald_e,55.20000000000003
EX_aces_e,27.59999999999999
EX_galur_e,0.0
EX_gam6p_e,23.0
EX_gcald_e,0.0
EX_glc__D_e,23.0
EX_gln__L_e,27.60000000000004
EX_glu__L_e,27.60000000000004
EX_glx_e,69.00000000000011
EX_ade_e,0.0
EX_adn_e,0.0
EX_akg_e,27.600000000000005
EX_ala__L_e,45.99999999999997
EX_gly_e,69.00000000000006
EX_glyc_e,39.42857142857143
AACTOOR,0.0
EX_gsn_e,0.0
EX_gthox_e,0.0
EX_gthrd_e,0.0
EX_alltn_e,0.0
EX_alltt_e,0.0
EX_amet_e,0.0
EX_arab__D_e,0.0
EX_arab__L_e,0.0
EX_gua_e,27.6
EX_arg__L_e,23.0
EX_h2o_e,295.71428571428567
AASAD1,19.71428571428574
EX_h_e,377.2679640812386
EX_hdca_e,0.0
EX_hdcea_e,0.0
EX_asn__L_e,34.50000000000004
EX_asp__L_e,34.500000000000064
EX_btd_RR_e,25.09090909090902
EX_btn_e,0.0
EX_hexc_e,0.0
AASAD2,19.71428571428557
EX_his__L_e,21.23076923076923
EX_hxan_e,27.599999999999962
EX_iamac_e,14.526315789473685
EX_iamoh_e,18.400000000000002
EX_ibutac_e,17.249999999999996
EX_chol_e,0.0
EX_cit_e,23.0
co2_EX,138.0
EX_crn_e,0.0
EX_csn_e,0.0
EX_cys__L_e,30.666666666666668
EX_cytd_e,0.0
EX_dad_2_e,0.0
EX_dann_e,0.0
EX_ibutoh_e,23.0
EX_id3acald_e,11.5
EX_ile__L_e,18.400000000000002
EX_ind3eth_e,11.499999999999993
EX_inost_e,0.0
EX_dca_e,0.0
EX_dcyt_e,0.0
EX_ddca_e,0.0
EX_ins_e,0.0
EX_k_e,0.0
EX_dgsn_e,0.0
EX_din_e,0.0
EX_lac__D_e,46.0
AATA,19.71428571428573
EX_lac__L_e,46.0
EX_lanost_e,3.2093023255813957
EX_lanostest_SC_e,0.0
EX_dttp_e,13.8
EX_duri_e,0.0
EX_leu__L_e,18.400000000000002
ABTA,91.99999999999999
EX_lys__L_e,19.71428571428572
EX_mal__L_e,34.49999999999999
EX_malt_e,0.0
EX_ribflv_e,0.0
EX_sbt__D_e,21.23076923076923
EX_man_e,0.0
ABTt,0.0
EX_melib_e,0.0
EX_met__L_e,18.399999999999995
EX_mmet_e,0.0
EX_na1_e,0.0
EX_nac_e,0.0
EX_sbt__L_e,0.0
EX_ser__L_e,46.00000000000002
EX_so3_e,169.18632878755605
EX_so4_e,169.18632878755642
EX_spmd_e,13.142857142857144
EX_sprm_e,0.0
EX_srb__L_e,0.0
EX_succ_e,34.49999999999994
EX_nadp_e,6.571428571428569
EX_nh4_e,208.08166237619344
EX_nmn_e,0.0
EX_sucr_e,0.0
o2_EX,138.0
EX_taur_e,0.0
ABUTDm,0.0
EX_thm_e,0.0
EX_oaa_e,34.50000000000003
EX_ocdca_e,0.0
EX_ocdcea_e,0.0
ABUTt2r,30.666666666666668
EX_ocdcya_e,0.0
EX_orn_e,25.09090909090909
EX_thmmp_e,0.0
EX_thmpp_e,0.0
EX_thr__L_e,34.5
EX_thym_e,27.599999999999994
EX_pacald_e,13.799999999999997
EX_pap_e,13.799999999999995
EX_thymd_e,0.0
ACACT1r,18.468336737985148
EX_tre_e,0.0
EX_trp__L_e,11.500000000000002
EX_pc_SC_e,0.0
EX_pectin_e,0.0
EX_pepd_e,0.0
EX_phe__L_e,13.799999999999999
EX_pheac_e,11.499999999999998
EX_pi_e,41.39999999999992
EX_pnto__R_e,12.0
EX_ttdca_e,6.900000000000001
EX_tyr__L_e,13.799999999999999
EX_ura_e,0.0
EX_urea_e,104.04083118809652
EX_uri_e,0.0
EX_val__L_e,23.000000000000004
EX_xan_e,27.599999999999984
EX_xtsn_e,0.0
EX_pro__L_e,25.090909090909115
EX_ptd1ino_SC_e,0.0
EX_ptrc_e,25.090909090909246
EX_pyr_e,46.00000000000001
EX_xyl__D_e,0.0
EX_xylt_e,0.0
EX_rib__D_e,0.0
ACACT1m,19.25581395348838
EX_zymst_e,2.9052631578947414
EX_zymstest_SC_e,0.0
FA100tp,0.0
ACACT4p,0.0
FA120ACPHi,0.0
FACOAL161,12.83700066302006
FACOAL161p,0.0
FA120ACPtm,0.0
ACACT5p,0.0
FA120tp,0.0
FA140ACPHi,0.0
FACOAL180,3.77558843030002
FACOAL181,18.122824465440075
FACOAL182,6.796059174540029
FA140ACPtm,0.0
FACOAL240p,0.0
FA140COAabcp,0.0
FA140tp,0.0
FA141ACPHi,0.0
FA141ACPtm,0.0
FACOAL260p,0.0
FACOAL80p,0.0
FADFMNtm,0.0
FALDH,0.0
FA141COAabcp,0.0
FAS161ACPm,0.0
FA141tp,0.0
FA160ACPHi,0.0
FA160ACPtm,0.0
FA160COAabcp,0.0
FAO141p_even,0.0
FAO141p_odd,0.0
FAO161p_even,0.0
FAO161p_odd,0.0
FAO181p_even,0.0
FA160tp,0.0
FA161ACPHi,0.0
FA161ACPtm,0.0
FAO181p_odd,0.0
FAS180,0.07041672738563863
FAO182p_eveneven,0.0
FAO182p_evenodd,0.0
FAO182p_oddodd,0.0
FAO240p,0.0
FAO80p,0.0
FAS100,6.8999999999999915
FA161COAabcp,0.0
FA161tp,0.0
FA180ACPH,0.0
FA180ACPtm,0.0
FA180COAabcp,0.0
FA181ACPH,0.0
FA181ACPtm,0.0
FA181COAabcp,0.0
FA182ACPH,0.0
FA182ACPtm,0.0
FA182COAabcp,0.0
FA240tp,0.0
FAS100ACPm,0.0
FAS100COA,6.8999999999999915
FAS120,6.8999999999999915
FAS120ACPm,0.0
FAS120COA,6.900000000000011
FAS140,6.90000000000001
FAS140ACPm,0.0
FAS140COA,6.900000000000011
FAS141,0.0
FA260tp,0.0
FA80tp,0.0
FACOAL100p,0.0
FAS141ACPm,0.0
FACOAL120p,0.0
FACOAL140,14.45117686060004
FACOAL140p,0.0
FACOAL141,0.0
FACOAL141p,0.0
FAS160,0.1519518854111151
FAS160ACPm,0.0
FAS160COA,0.1519518854111136
FAS161,0.03150222014620656
FACOAL160,20.45859425100574
FACOAL160p,0.0
FAS180ACPm,0.0
G3PDm,276.00000000000006
FAS180COA,0.07041672738563828
GLUK,386.3333333333333
G3PIt,0.0
FAS181,0.061151368519107
FAS181ACPm,0.0
FAS182ACPm,0.0
G3PT,500.0
FAS240_L,0.0
G5SADs,376.0
G5SADrm,376.0
FAS260,0.0
G5SD,84.38461538461488
G5SD2,91.41666666666664
GLUN,500.0
GLUPRT,27.599999999999998
G6PDA,500.0
FAS80ACPm_L,0.0
G6PDH2r,137.9999999999998
G6PDH2er,5.575757575757579
G6PI,1000.0
G6PI3,1000.0
G6Pter,5.575757575757576
GALIGH,0.0
GALKr,0.0
GALS3,0.0
GALT,1000.0
GLUSx,500.0
GLUTRS,0.0
GLUTRSm,0.0
GLUt2n,0.0
GLUt2r,27.600000000000026
GLUt5m,92.0
GLUt7,0.0
GLUt7m,92.00000000000001
GLXt,68.99999999999993
GLXtp,0.0
GLYAT,0.0
GLYC3Ptm,276.00000000000006
GALUi,1000.0
GALt2,0.0
GAM6Pt,23.0
GAPD,197.3269230769231
GLYCDy,500.0
FAS80COA_L,6.899999999999998
GLYCLm,110.71428571428574
GLYCt,500.0
GLYCt2,500.0
GARFT,27.599999999999994
GAT1_SC,31.68627230159541
GAT2_SC,30.871337725847525
GBEZ,500.0
GCALDt,0.0
GCALDtm,0.0
GCC2am,110.71428571428572
GCC2bim,110.71428571428572
GCC2cm_copy1,663.2857142857147
GCCam,110.71428571428592
GCCbim,110.71428571428572
GLYGS,500.0
GLYK,500.0
GLYOX,197.0
GLYOXm,0.0
GLYTRS,0.0
GLYt2m,221.4285714285714
GLYt2r,68.99999999999999
GCCcm,110.7142857142857
GDPMANNtg,0.0
GMPS2,109.0
GDPt3g,0.0
GND,138.00000000000003
FAS80_L,6.900000000000001
GNNUC,500.0
GDPtn,0.0
GF6PTA,500.0
GPDDA1,31.68627230159526
GGLGH,0.0
FBA,520.976744472501
GGTT,0.0
GHMT2r,127.19251868854822
GHMT2rm,110.71428571428547
GRTT,6.4186046511627906
GSNK,500.0
GSNt2,0.0
GK1,1000.0
GK2,1000.0
GLCGSD,272.5
GLCGSDv,15.625
GSNt2m,0.0
GTHOr,26.247749369823513
GTHOXti,0.0
GTHOm,0.0
GLCNtv,15.625
FBA2,0.0
GLCP,500.0
GLCS2,500.0
GTHPi,26.247749369823552
GTHPm,0.0
GTHRDabcv,0.0
GTHRDt2,0.0
GLCt1,23.0
GLCtv,363.3333333333333
FBA3,500.0
GLNS,500.0
GLNTRS,0.0
GTHS,0.0
GTMLT,0.0
GLNt2n,0.0
FBP,500.0
GLNt2r,27.599999999999994
GLNt6,500.0
GTPCI,0.0
GTPCII,0.003275966170666453
GTPH1,272.5
GLNt7,500.0
GTPt2m,500.0
GLPT,0.0
FBP26,500.0
GLU5K,91.41666666666679
GLUCYS,0.0
GLUDC,91.99999999999993
GUAD,109.00000000000003
GUAPRT,272.5
GUAt2r,27.599999999999984
GUAtm,0.0
H2O2tn,0.0
H2Ot,339.9299723344445
GLUDxi,500.0
GLUDy,500.0
H2Oter,3.2093023255813886
FCLTm,0.0
H2Otm,984.6666825716025
H2Otn,1000.0
H2Otp,228.55115974546496
HCITSm,19.71428571428571
H2Otv,186.875
HCITSn,0.0
FDH,68.99999999999999
HACD10p,0.0
HACD4p,0.0
FDNG,69.00000000000001
HACD5p,0.0
HACD6p,0.0
HCO3E,1000.0
HCO3Em,0.0
HCO3En,1000.0
HACD7p,0.0
HACD8p,0.0
HCO3tn,1000.0
HACNHm,19.714285714285715
FE2t,0.0
HBZOPT6m,0.0
FE2utm,500.0
HCYSMT,181.66666666666666
HCYSt2p,228.5511597454646
HDCAt,0.0
HDCEAt,0.0
FECOSTAT_SC,0.0
HEMEOMOm,0.0
HEMEOSm,0.0
HETZK,181.66666666666677
FECOSTESTH_SC,0.0
HEX1,386.3333333333334
HEX4,0.0
FECOSTESTH_SCe,0.0
HEX7,290.4431372549021
HEXCCOAtx,0.0
HEXDPtm,0.0
ILEtmi,500.0
FECOSTt,2.8163265306122485
HGNTOR,0.0
HICITDm,19.714285714285705
FEtm,500.0
IMPC,27.600000000000005
FKYNH,71.9925186885481
IMPD,27.599999999999934
IND3ACtm,0.0
HISTD,21.23076923076923
FMETTRSm,0.0
HISTP,21.23076923076923
HISTRS,0.0
IND3ETHt,11.50000000000001
IND3ETHtm,11.500000000000002
INDPYRD,11.499999999999908
HISTRSm,0.0
INSK,500.0
FMNAT,0.0
HISt2m,0.0
HISt2r,21.230769230769237
HISt6,0.0
HKYNH,6.272727272727273
HMBS,0.0
INSTt2,0.0
INSt2,0.0
IPC124PLC_SC,109.00000000000003
IPC126PLC_SC,108.99999999999996
IPC224PLC_SC,108.99999999999996
IPC226PLC_SC,108.99999999999996
HMGCOAR,19.255813953488392
HMGCOAS,18.468336737985158
HMGCOASm,19.255813953488342
IPC324PLC_SC,108.99999999999996
IPC326PLC_SC,108.99999999999996
HMGCOAtm,19.255813953488342
FMNATm,0.0
HMPK1,181.66666666666666
HPPKm,0.0
HPROa,0.0
IPCS124_SC,109.0
IPCS126_SC,109.0
IPCS224_SC,109.0
IPCS226_SC,109.0
HPROb,0.0
HPROxm,0.0
IPCS324_SC,109.0
IPCS326_SC,109.0
HPROym,0.0
FMNRx,0.0
HSDxi,150.4
IPDDI,6.418604651162791
FMNRx2,0.0
IPDPtm,0.0
IPMD,18.4
IPPMIa,18.400000000000002
IPPMIb,18.400000000000002
IPPS,18.40000000000003
HSDy,125.33333333333331
HSERTA,122.79999999999998
HSK,150.4
HSTPT,21.230769230769358
HXANt2r,27.599999999999998
HXPRT,272.5
HYPOE,500.0
IAMACt,14.526315789473685
IAMOHt,18.399999999999995
IAMOHtm,18.399999999999995
IBUTACt,17.249999999999996
IBUTOHt,22.999999999999993
IBUTOHtm,23.0
ICDHxm,91.99999999999983
IPPSm,18.4
ITCOALm,0.0
KARA1im,23.000000000000004
KARA2im,19.71428571428571
KYN,71.99251868854822
KYN3OX,6.272727272727272
Kt2r,0.0
LALDO3,167.00000026471753
LANOSTAT_SC,0.0
ICDHyr,92.00000000000004
ICDHym,84.38461538461542
ICDHyp,0.0
ICL,156.71428571428584
LANOSTESTH_SC,0.0
FOLD3m,0.0
LANOSTESTH_SCe,0.0
LANOSTt,3.209302325581396
LCADi,167.0000003112075
LCYSTintv,0.0
LEUTA,18.4
LEUTAm,0.0
LEUTRS,0.0
LEUTRSm,0.0
ID3ACALDt,11.5
ID3ACALDtm,11.499999999999993
IG3PS,21.23076923076925
IGPDH,21.230769230769205
IGPS,71.99251868854782
ILETA,518.4
ILETAm,500.0
ILETRS,0.0
ILETRSm,0.0
ILEt2r,18.399999999999977
ILEt6,500.0
ILEt7,500.0
LEUt2r,18.40000000000002
LEUt6,500.0
LEUt7,500.0
LGTHL,197.0
LNS14DM,2.905263157894739
LNS14DMx,2.9052631578947397
FORt,64.68196721868995
LNSTLS,3.209302325581398
MACACI,0.0
MALOAAtp,0.0
LPCAT_SC,75.51176860600029
LPP_SC,500.0
FORtm,0.0
FRDPtm,0.0
FRDcm,500.0
LSERDHr,0.0
LYSTRS,0.0
LYSTRSm,0.0
LYSt2m,0.0
LYSt2r,19.714285714285708
MALS,97.28056108057194
MALSp,0.0
MALT,0.0
MALTt2,0.0
MALt2r,1000.0
MALtm,1000.0
MAN1PT,2.6733869386681066
LYSt6,0.0
L_LACD2cm,167.00000040418652
L_LACt2r,46.0
MAN6PI,2.6733869386681155
L_LACtm,0.0
MANNANter,2.6733869386681044
FRDm,500.0
MANt2,0.0
MCITDm,19.714285714285708
MCITL2m,150.4
FRTT,0.0
MCITSm,150.4
MCOATA,0.0
MCOATAm,0.0
MIPC326PLC_SC,0.0
MIPCS124_SC,0.0
MIPCS126_SC,0.0
MDH,1000.0
MIPCS224_SC,0.0
MDHm,1000.0
MDHp,0.0
MIPCS226_SC,0.0
MIPCS324_SC,0.0
MIPCS326_SC,0.0
MMETt2,0.0
FRUK,0.0
MDRPD,13.142857142857151
FRUt2,0.0
FTHFCL,0.0
ME1m,500.0
ME2m,246.7692307692308
MOHMT,11.999999999999996
MTAP,13.142857142857146
MELIBt2,0.0
FTHFCLm,500.0
MELTGH,0.0
METAT,181.66666666666669
MTHFC,127.19251868854812
MTHFCm,0.0
MTHFD,555.2
FTHFI,0.0
MTHFD2i,500.0
MTHFDm,0.0
MTHFR3,28.407703220241263
METB1,122.80000000000001
METS,28.407703220241178
METTRS,0.0
METTRSm,0.0
METt2m,0.0
FTHFLi,71.99251868854815
METt2r,18.39999999999998
MTRI,13.142857142857142
NABTNO,11.039999999999997
NACt,0.0
NADDPp,0.0
NADH2_u6cm,275.99999999999994
NADH2_u6m,275.99999999999994
NADK,500.0
MEVK1,19.25581395348839
MEVK2,19.25581395348839
MEVK3,19.255813953488378
MEVK4,19.255813953488374
MFAPS_SC,9.469234406747074
MGSA,197.00000000000006
MHPGLUT,0.0
NADKm,500.0
NADN,0.0
NADNm,0.0
MI13456PKn,0.0
FTHFLmi,0.0
MI1345PKn,0.0
MI1456PKn,0.0
MI145P6Kn,0.0
MI145PKn,0.0
NADPPPS,500.0
NADPPPSm,500.0
NADPt,6.571428571428575
MI145Ptn,0.0
FUM,758.8953271028035
MI1PP,109.0
MI1PS,0.017538000711648724
MINOHPtn,0.0
NADS1,6.571428571428569
NADS1n,0.0
NADtn,0.0
MIP2C124PLC_SC,0.0
NAPRT,0.0
MIP2C126PLC_SC,0.0
FUMAC,0.0
MIP2C224PLC_SC,0.0
MIP2C226PLC_SC,0.0
MIP2C324PLC_SC,0.0
MIP2C326PLC_SC,0.0
NAPRTm,0.0
NAt3_1,0.0
NDP1,500.0
NDP3,500.0
NDP3g,0.0
NDP4,500.0
MIP2CS124_SC,0.0
MIP2CS126_SC,0.0
NDP7,500.0
MIP2CS224_SC,0.0
FUMm,500.0
MIP2CS226_SC,0.0
MIP2CS324_SC,0.0
MIP2CS326_SC,0.0
MIPC124PLC_SC,0.0
NDPK1,1000.0
NDPK2,500.0
NDPK3,490.5
NDPK4,13.8
NDPK5,513.8
MIPC126PLC_SC,0.0
NDPK6,772.5
FUMt2r,34.50000000000012
NDPK7,513.8
NDPK8,1000.0
MIPC224PLC_SC,0.0
MIPC226PLC_SC,0.0
MIPC324PLC_SC,0.0
NDPK9,1000.0
NFORTYRt,6.0
NFTYROX,6.000000000000001
NH4t,500.0
NH4ti,500.0
NH4tm,150.0936170212768
NTD1,500.0
G12MT1g,0.0
NTD10,272.49999999999994
NTD11,500.0
NTD2,500.0
NTD3,500.0
NH4tn,0.0
NH4tp,228.5511597454647
NMNAT,0.0
NMNATm,0.0
NMNTP,0.0
NTD4,500.0
G12MT2g,0.0
NTD5,500.0
NMNt2m,0.0
NMNt2p,0.0
NNAM,0.0
G13MTg,0.0
NNAMrm,0.0
NTD6,13.8
NTD7,500.0
NNATr,6.571428571428571
NNATm,0.0
NNDPR,6.571428571428572
NTD8,13.8
NTD9,500.0
NTP3,500.0
G16MTg,0.0
G3PCt,9.469234406747072
NNDPRm,0.0
G3PD1ir,500.0
NNMT,0.0
NTP4,500.0
NTRLASE,0.0
NTRLASE2,0.0
NTRLASE3,0.0
PEPDt3,0.0
G3PD1irm,276.000000000001
PETHCT,0.0
PETOHM_SC,9.46923440674706
PEtg_SC,0.09444694955400414
O2t,138.00000000000003
O2ter,3.2093023255813957
O2tm,138.0
OAAt,34.50000000000005
PEtm_SC,0.09469234406747067
OAAt2m,1000.0
PEtv_SC,0.09444694955400426
OBDHm,150.4
PPM,772.5
OCBT,104.04083118809687
OCDCAt,0.0
OCDCEAt,0.0
OCDCYAt,0.0
OHACT1,272.5
PFK,500.0
PFK26,500.0
PFK_2,0.0
PFK_3,500.0
PGAMT,0.0
OHACT2,272.5
PGCD,228.55115974546476
PPNCL2,0.0
PGI,1000.0
OHACT3,14.526315789473681
OHACT4,272.49999999999994
PGK,197.32692307692318
PGL,138.0
PGM,265.0613916945575
PGMT,272.50000000000017
PGPPAm_SC,0.0
OHACT5,11.499999999999998
OHPBAT,0.0
OMCDC,18.4
OMCDCm,0.0
OMPDC,27.6
PHCDm,500.0
PHCHGSm,500.0
PHEACt,11.5
ORNDC,25.090909090909093
PPND,13.799999999999999
ORNTA,376.0
ORNTACim,376.0000000000001
ORNt2r,25.0909090909091
ORNt3m,376.0
PHETA1,13.799999999999997
PHETRS,0.0
PHETRSm,0.0
PHEt2m,0.0
PHEt2r,13.800000000000004
ORPT,27.60000000000001
OXAGm,19.71428571428571
PI35BP5P_SC,500.0
PPND2,13.800000000000004
PI3P4K_SC,0.0
PI3P5K_SC,500.0
OXO2Ctm,0.0
P5CDm,248.8571428571427
PPNDH,13.80000000000001
P5CR,375.99999999999994
PACALDt,13.799999999999985
PACALDtm,13.8
PAK_SC,500.0
PAN4Ptm,152.65027371897722
PI45BP5P_SC,500.0
PI45BPP_SC,0.0
PI4P5K_SC,500.0
PIN3K_SC,0.0
PIN4K_SC,0.0
PIN4Kn_SC,0.0
PINOS_SC,108.99999999999996
PIt2m,1000.0
PANTS,11.999999999999996
PANTtm,12.0
PAPSR,169.18632878755594
PAPt,13.80000000000002
PIt2n,0.0
PIt2p,0.0
PIt2r,41.39999999999999
PAPtm,152.65027371897733
PIt2v,0.0
PAtm_SC,4.20409837550374
PPPG9tm,0.0
PC,500.0
PCDAGAT,0.7551176860600033
PIt5m,92.0000000000003
PLBP1I_SCe,0.0
PLBPC_SC,63.37254460319052
PDE1,272.49999999999994
PLBPC_SCe,0.0
PPPGOm,0.0
PLD_SC,181.66666666666666
PMANM,2.6733869386681057
PMDPHT,0.0032759661706664315
PMETM_SC,9.469234406747091
PDE2,0.0
PDE3,0.0
PDE4,0.0
PDE5,0.0
GCC2cm_copy2,500.0
PDHm,92.00000000000001
PDX5POi,0.0
PENDPtm,0.0
PMEVK,19.255813953488392
PMI12346PH,500.0
PMI12346PS,500.0
PEPAT,0.0
PPTTm,0.0
PMI1346PH,500.0
PMI1346PS,500.0
PMPK,181.66666666666666
PPYRDC,13.799999999999999
PNP,0.0
PNTK,0.0
PNTOt2,12.000000000000004
PYRDC2,25.090909090909104
PYRt,500.0
POLYAO,11.04
PRAGSr,27.599999999999934
POLYAO2,5.750000000000003
POLYAO3,12.0
PYRt2,500.0
PYRt2m,1000.0
PRAIS,27.600000000000023
PYRt2p,228.55115974546433
QUILSYN,6.272727272727273
PPA,500.0
PPAm,430.5806364330573
PPBNGS,0.0
PPCDC,0.0
PPCK,499.5
PRAIi,71.99251868854813
QULNS,6.571428571428572
PRAMPC,21.23076923076923
QULNtm,0.0
RAFGH,0.0
RBFK,0.0
SLCBK2,0.0
SLFAT,669.186328787556
RBFKm,0.0
PRASCSi,27.6
RBFSa,0.00655193234133291
RBFSb,0.003275966170666457
SO3ti,169.18632878755608
SO4ti,169.18632878755608
RBK,500.0
SPH1Pter,0.0
RIBFLVt2,0.0
PRATPP,21.230769230769234
RIBFLVtm,0.0
SPHPL,0.0
RIBt2,0.0
PRFGS,27.599999999999998
SPMDAT1,11.04
RNDR1,13.799999999999999
PRMICI,21.23076923076923
RNDR1n,0.0
SPMDt3i,500.0
SPMDtex2,500.0
RNDR2,13.8
RNDR2n,0.0
RNDR3,13.799999999999999
RNDR3n,0.0
SPMS,13.142857142857142
SPRMS,12.0
SPRMt2i,0.0
SQ23EPXter,3.2093023255814015
SQLEr,3.2093023255813975
SQLErx,0.0
RNDR4,13.799999999999997
RNDR4n,0.0
SQLS,3.2093023255813953
RNMK,0.0
PRO1xm,375.9999999999999
RNTR1,13.799999999999999
RNTR2,13.8
SQLter,3.209302325581396
SRB_Lt,0.0
RNTR3,13.799999999999999
PROTRS,0.0
RNTR4,13.799999999999999
RPE,139.9950124590321
SSALy,92.00000000000011
PROt2r,25.0909090909091
RPI,71.17339655685092
SACCD1,19.71428571428575
SUCCt2r,34.499999999999986
SACCD2,19.71428571428575
PROtm,376.0
SADT,500.0
SAM24MT,2.816326530612244
SBPP1er,0.0
SBPP2er,0.0
SBTD_D2,290.44313725490196
SBTD_L,0.0
SUCCtm,500.0
SUCD1m,1000.0
SUCD2_u6m,1000.0
SUCD3_u6m,1000.0
SUCFUMtm,500.0
SUCOASm,92.00000000000017
SUCRe,0.0
SUCRt2,0.0
SBTR,290.4431372549019
SBT_Dt,21.23076923076923
SBT_Lt,0.0
SERAT,30.666666666666668
SULR,30.666666666666668
T4HCINNMFM,0.0
SERPT,0.0
PRPPS,272.50000000000006
SERTRS,0.0
SERt2m,531.1241232646602
SERt2r,46.00000000000003
SFGTHi,0.0
TAGL_SC,75.51176860600033
TALA,546.0
TAUDO,0.0
TAURt,0.0
SHCHD,0.0
SHCHF,0.0
SHK3Dr,19.714285714285715
SHKK,19.714285714285715
SHSL1,500.0
TCHOLAabcv,0.0
THFATm,500.0
THFGLUS,0.0
THIORDXi,26.247749369823577
THIORDXm,0.0
THIORDXni,0.0
THIORDXp,0.0
SHSL4r,500.0
SLCBK1,0.0
PRPPtm,0.0
THMDPe,0.0
THMDt2,0.0
THMP,500.0
PSCVT,19.714285714285687
THMPPt2m,0.0
THMPe,0.0
THRt2r,34.5
THYMt3r,27.599999999999984
THZPSN1_SC,0.0
THZPSN2_SC,0.0
THMt2,0.0
PSERDg_SC,9.44469495540041
THRA2,0.0
TKT1,69.99750622951606
PSERDm_SC,9.46923440674709
TKT2,69.99750622951608
TMDK1,500.0
TMDPK,500.0
THRA,128.74936798485882
THRD_L,150.4
THRD_Lm,150.09361702127677
THRS,150.4
THRTRS,0.0
THRTRSm,0.0
THRt2m,150.09361702127663
URIK1,500.0
TMDPP,27.600000000000005
TMDPPK,0.0
TMDS,27.6
TMN,181.66666666666666
TMPK,500.0
TMPPP,181.66666666666666
TPI,197.3269230769232
TRDOXtp,0.0
TRDR,169.18632878755608
PSERDv_SC,9.444694955400438
TRDRDtp,0.0
TRDRm,0.0
TRE6PP,181.66666666666666
URIK2,500.0
URIt2,0.0
UTPH1,272.5
UTPtm,0.0
TRE6PS,181.66666666666654
TREH,181.66666666666654
PSERS_SC,429.8790719571215
TREHv,181.66666666666666
VALTA,500.0
VALTAim,500.0
VALTRS,0.0
TREt2,0.0
TREt2v,181.6666666666666
VALTRSm,0.0
PSERSm_SC,420.40983755037445
VALt2m,500.0
VALt2r,22.999999999999993
XANt,27.59999999999995
XPPT,272.49999999999994
XTSNt2,0.0
TRIGS_SC,75.51176860600035
TRPO2,71.99251868854864
TRPS1,71.99251868854864
TRPTA,11.499999999999995
TRPTRS,0.0
TRPTRSm,0.0
TRPt2m,0.0
TRPt2r,11.499999999999996
TTCCOAtx,0.0
XYLK,0.0
XYLR,0.0
XYLTD_D,0.0
XYLTt,0.0
TTDCAtr,6.900000000000011
TYRNFT,12.0
PSERT,228.55115974546453
TYRTAi,13.799999999999999
TYRTAim,13.800000000000004
TYRTAip,0.0
XYLt,0.0
YUMPS,0.0
ZYMSTAT_SC,0.0
ZYMSTESTH_SC,0.0
TYRTRS,0.0
TYRTRSm,0.0
ZYMSTESTH_SCe,0.0
TYRt2m,13.8
PSPH1Pter,0.0
TYRt2p,0.0
TYRt2r,13.8
TYRt6,500.0
TYRt7,500.0
UDPACGLP,0.0
ZYMSTt,2.905263157894737
SERD_L,228.55115974546467
UDPG4E,0.0
PSPHPL,0.0
UDPGALt2g,0.0
UGLT,1000.0
UGLYCH,0.0
PSPHS,0.0
UMPK,500.0
PSP_L,228.5511597454652
UMPKn,0.0
UMPtn,0.0
PStg_SC,0.09444694955400415
PStm_SC,4.298790719571215
UNK3,13.142857142857148
UPP3MT,0.0
PStv_SC,0.09444694955400419
UPP3S,0.0
UPPDC1,0.0
UPPRT,272.5
PTD1INOtn_SC,0.0
URAt2,0.0
PTD4INOtn_SC,0.0
UREA2t2,104.04083118809686
UREASE,87.97153262884498
PTE10x,0.0
URIDK2r,772.4999999999999
URIDK2rn,0.0
PTE11x,0.0
PTE12x,0.0
PTE2x,0.0
PTE7x,0.0
PTE8x,0.0
PTE9x,0.0
PTPATi,152.6502737189771
PTPATim,0.0
PTRCt3i,500.0
PTRCtex2,500.0
PUNP1,772.5
PUNP1m,0.0
PUNP2,238.8029326985511
PUNP3,772.5
PUNP3m,0.0
PUNP4,13.8
PUNP5,497.5029326985516
PUNP6,225.0029326985511
PUNP7,272.5
PYAM5PO,0.0
PYDAMK,500.0
PYDXK,0.0
PYDXNK,0.0
PYDXNO,0.0
PYDXO,0.0
PYK,500.0
PYNP2r,545.0
PYR5CDm,376.0
PYRDC,91.99999999999987
